time,airdensity,clearskyshortwave_instant,dif_instant,directshortwaveradiation_instant,dni_instant,extraterrestrialradiation_instant,felttemperature,ghi_instant,gni_instant,gust,precipitation,relativehumidity,sealevelpressure,surfaceairpressure,temperature,winddirection,winddirection_80m,windspeed,windspeed_80m
2025-07-26 00:00,1.17,0.00,0.00,0.00,0.00,0.00,16.36,0.00,0.00,2.00,0.00,87,1016.95,967.38,15.70,94,17,0.73,1.11
2025-07-26 00:15,1.17,0.00,0.00,0.00,0.00,0.00,16.39,0.00,0.00,1.95,0.00,88,1016.94,967.17,15.70,65,3,0.69,1.17
2025-07-26 00:30,1.17,0.00,0.00,0.00,0.00,0.00,16.42,0.00,0.00,1.79,0.00,88,1016.92,966.87,15.70,31,351,0.66,1.19
2025-07-26 00:45,1.17,0.00,0.00,0.00,0.00,0.00,16.47,0.00,0.00,1.57,0.00,88,1016.91,966.58,15.71,12,344,0.63,1.16
2025-07-26 01:00,1.17,0.00,0.00,0.00,0.00,0.00,16.53,0.00,0.00,1.40,0.00,88,1016.90,966.37,15.74,4,340,0.59,1.14
2025-07-26 01:15,1.16,0.00,0.00,0.00,0.00,0.00,16.57,0.00,0.00,1.46,0.00,88,1016.88,966.30,15.78,359,338,0.64,1.26
2025-07-26 01:30,1.16,0.00,0.00,0.00,0.00,0.00,16.60,0.00,0.00,1.59,0.00,88,1016.87,966.31,15.83,355,336,0.68,1.40
2025-07-26 01:45,1.16,0.00,0.00,0.00,0.00,0.00,16.57,0.00,0.00,1.74,0.00,88,1016.85,966.35,15.82,350,335,0.72,1.53
2025-07-26 02:00,1.17,0.00,0.00,0.00,0.00,0.00,16.43,0.00,0.00,1.83,0.00,89,1016.84,966.37,15.72,346,335,0.77,1.63
2025-07-26 02:15,1.17,0.00,0.00,0.00,0.00,0.00,16.22,0.00,0.00,1.76,0.00,89,1016.76,966.38,15.52,342,338,0.76,1.60
2025-07-26 02:30,1.17,0.00,0.00,0.00,0.00,0.00,15.97,0.00,0.00,1.63,0.00,90,1016.68,966.38,15.30,338,342,0.76,1.56
2025-07-26 02:45,1.17,0.00,0.00,0.00,0.00,0.00,15.80,0.00,0.00,1.52,0.00,91,1016.60,966.39,15.15,335,346,0.75,1.51
2025-07-26 03:00,1.17,0.00,0.00,0.00,0.00,0.00,15.70,0.00,0.00,1.50,0.00,91,1016.51,966.38,15.07,333,349,0.75,1.46
2025-07-26 03:15,1.17,0.00,0.00,0.00,0.00,0.00,15.79,0.00,0.00,1.66,0.00,90,1016.43,966.38,15.17,334,350,0.76,1.45
2025-07-26 03:30,1.17,0.00,0.00,0.00,0.00,0.00,15.87,0.00,0.00,1.92,0.00,89,1016.35,966.37,15.27,336,350,0.77,1.43
2025-07-26 03:45,1.17,0.00,0.00,0.00,0.00,0.00,15.96,0.00,0.00,2.19,0.00,89,1016.27,966.35,15.36,339,349,0.78,1.42
2025-07-26 04:00,1.17,0.00,0.00,0.00,0.00,0.00,16.05,0.00,0.00,2.37,0.00,89,1016.19,966.28,15.45,340,345,0.79,1.42
2025-07-26 04:15,1.17,0.00,0.00,0.00,0.00,0.00,16.18,0.00,0.00,2.38,0.00,89,1016.10,966.10,15.53,337,339,0.76,1.39
2025-07-26 04:30,1.17,0.00,0.00,0.00,0.00,0.00,16.31,0.00,0.00,2.31,0.00,89,1016.02,965.85,15.60,332,331,0.73,1.38
2025-07-26 04:45,1.16,0.00,0.00,0.00,0.00,0.00,16.40,0.00,0.00,2.22,0.00,89,1015.94,965.64,15.65,328,327,0.71,1.38
2025-07-26 05:00,1.16,0.00,0.00,0.00,0.00,0.00,16.42,0.00,0.00,2.16,0.00,89,1015.86,965.57,15.65,325,324,0.68,1.35
2025-07-26 05:15,1.16,0.00,0.00,0.00,0.00,0.00,16.35,0.00,0.00,2.21,0.00,89,1015.86,965.74,15.62,323,322,0.70,1.34
2025-07-26 05:30,1.17,0.00,0.00,0.00,0.00,0.00,16.26,0.00,0.00,2.27,0.00,89,1015.86,966.07,15.57,321,321,0.72,1.29
2025-07-26 05:45,1.17,0.00,0.00,0.00,0.00,0.00,16.18,0.00,0.00,2.36,0.00,89,1015.86,966.40,15.51,319,321,0.74,1.24
2025-07-26 06:00,1.17,0.00,0.00,0.00,0.00,0.00,16.10,0.00,0.00,2.49,0.00,90,1015.86,966.58,15.43,318,320,0.76,1.20
2025-07-26 06:15,1.17,8.15,2.17,1.87,21.51,43.17,16.05,4.05,34.67,2.66,0.00,91,1015.86,966.53,15.33,315,318,0.76,1.15
2025-07-26 06:30,1.17,26.13,6.98,6.24,71.58,96.02,16.00,13.22,112.12,2.88,0.00,92,1015.85,966.35,15.23,311,315,0.77,1.12
2025-07-26 06:45,1.17,52.42,18.23,27.23,240.98,149.84,15.96,45.46,319.26,3.08,0.00,93,1015.85,966.13,15.16,307,310,0.77,1.09
2025-07-26 07:00,1.17,84.32,29.09,44.43,288.16,204.41,15.95,73.51,383.68,3.21,0.00,94,1015.85,965.98,15.13,305,306,0.78,1.07
2025-07-26 07:15,1.17,119.94,34.73,62.35,318.56,259.49,15.91,97.08,419.26,3.30,0.00,94,1015.85,965.92,15.14,308,305,0.82,1.13
2025-07-26 07:30,1.17,158.06,16.24,101.63,427.98,314.85,15.89,117.87,472.81,3.32,0.00,93,1015.85,965.90,15.17,313,306,0.87,1.18
2025-07-26 07:45,1.17,197.87,34.75,100.07,358.37,370.24,15.90,134.82,449.52,3.30,0.00,92,1015.85,965.90,15.24,316,306,0.92,1.23
2025-07-26 08:00,1.17,238.76,55.71,91.49,285.14,425.44,15.97,147.20,391.62,3.26,0.00,91,1015.85,965.87,15.37,315,306,0.96,1.28
2025-07-26 08:15,1.17,280.25,72.15,92.03,254.11,480.19,16.11,164.18,381.40,3.28,0.00,89,1015.88,965.82,15.58,309,305,0.99,1.42
2025-07-26 08:30,1.16,321.95,89.46,89.21,221.39,534.28,16.28,178.67,341.44,3.38,0.00,87,1015.91,965.74,15.80,303,303,1.01,1.70
2025-07-26 08:45,1.16,363.52,107.04,83.45,188.34,587.46,16.43,190.49,327.52,3.49,0.00,86,1015.94,965.68,16.01,299,302,1.04,1.94
2025-07-26 09:00,1.16,404.66,124.31,75.18,155.86,639.52,16.58,199.49,313.27,3.59,0.00,84,1015.97,965.66,16.19,299,303,1.07,2.07
2025-07-26 09:15,1.16,445.10,137.89,82.95,159.34,690.22,16.70,220.83,330.89,3.68,0.00,83,1016.00,965.71,16.35,304,309,1.11,2.05
2025-07-26 09:30,1.16,484.58,151.32,90.62,162.50,739.35,16.82,241.94,347.84,3.78,0.00,82,1016.03,965.80,16.50,312,317,1.15,1.96
2025-07-26 09:45,1.16,522.87,164.52,98.18,165.47,786.70,16.90,262.70,364.12,3.87,0.00,82,1016.05,965.90,16.61,322,326,1.19,1.89
2025-07-26 10:00,1.16,559.74,177.39,105.59,168.25,832.06,16.91,282.98,379.66,3.96,0.00,82,1016.08,965.95,16.64,328,333,1.23,1.84
2025-07-26 10:15,1.16,595.01,194.34,85.06,128.86,875.24,16.87,279.40,335.69,4.04,0.00,82,1016.11,965.92,16.62,330,334,1.25,1.78
2025-07-26 10:30,1.16,628.47,208.17,64.32,93.10,916.06,16.80,272.49,313.26,4.12,0.00,82,1016.14,965.84,16.57,329,332,1.27,1.69
2025-07-26 10:45,1.16,659.96,218.31,44.06,61.21,954.34,16.81,262.37,271.98,4.20,0.00,82,1016.17,965.76,16.58,326,328,1.29,1.60
2025-07-26 11:00,1.16,689.33,224.25,24.96,33.43,989.92,16.92,249.21,250.07,4.30,0.00,82,1016.20,965.75,16.68,321,323,1.31,1.53
2025-07-26 11:15,1.16,716.41,237.04,33.69,43.68,1022.64,17.13,270.74,274.14,4.43,0.00,81,1016.17,965.85,16.88,316,317,1.32,1.51
2025-07-26 11:30,1.16,741.07,248.62,43.58,54.91,1052.37,17.39,292.20,297.89,4.57,0.00,81,1016.15,966.02,17.10,309,310,1.34,1.54
2025-07-26 11:45,1.16,763.18,258.81,54.62,67.12,1078.97,17.65,313.43,321.15,4.71,0.00,80,1016.12,966.18,17.35,302,302,1.35,1.57
2025-07-26 12:00,1.16,782.64,267.46,66.79,80.33,1102.33,17.94,334.25,358.88,4.88,0.00,78,1016.09,966.23,17.65,294,293,1.36,1.62
2025-07-26 12:15,1.16,799.35,273.05,106.36,125.65,1122.36,18.22,379.41,410.02,5.05,0.00,76,1016.06,966.12,17.98,284,280,1.41,1.72
2025-07-26 12:30,1.15,813.22,271.24,153.44,178.62,1138.96,18.50,424.67,474.68,5.23,0.00,74,1016.04,965.89,18.33,274,267,1.46,1.91
2025-07-26 12:45,1.15,824.18,261.68,207.93,239.31,1152.06,18.75,469.61,524.63,5.40,0.00,73,1016.01,965.65,18.64,265,257,1.52,2.15
2025-07-26 13:00,1.15,832.18,244.18,269.59,307.73,1161.62,18.94,513.77,588.62,5.57,0.00,71,1015.98,965.51,18.90,257,250,1.57,2.33
2025-07-26 13:15,1.15,837.17,242.15,281.03,319.14,1167.58,19.07,523.18,597.09,5.76,0.00,70,1015.95,965.50,19.09,251,246,1.60,2.38
2025-07-26 13:30,1.15,839.14,238.81,291.94,330.87,1169.92,19.19,530.75,605.01,6.10,0.00,69,1015.93,965.57,19.27,245,242,1.63,2.49
2025-07-26 13:45,1.15,838.08,234.17,302.24,342.92,1168.63,19.29,536.41,612.39,6.41,0.00,68,1015.90,965.66,19.41,238,239,1.66,2.56
2025-07-26 14:00,1.15,833.98,228.28,311.81,355.28,1163.71,19.34,540.10,619.26,6.59,0.00,67,1015.87,965.70,19.51,232,236,1.70,2.61
2025-07-26 14:15,1.15,826.87,218.73,326.33,374.56,1155.20,19.38,545.06,629.62,6.63,0.00,67,1015.81,965.66,19.56,228,233,1.73,2.65
2025-07-26 14:30,1.15,816.78,207.88,339.99,394.37,1143.11,19.40,547.87,639.49,6.61,0.00,67,1015.74,965.59,19.60,227,230,1.76,2.70
2025-07-26 14:45,1.15,803.77,195.84,352.61,414.66,1127.51,19.39,548.45,648.83,6.55,0.00,67,1015.68,965.52,19.59,226,229,1.79,2.74
2025-07-26 15:00,1.15,787.89,182.76,363.99,435.40,1108.46,19.37,546.75,665.73,6.47,0.05,67,1015.61,965.50,19.57,227,228,1.82,2.78
2025-07-26 15:15,1.15,769.22,197.51,311.23,379.98,1086.05,19.30,508.74,620.70,6.32,0.07,68,1015.55,965.54,19.48,228,229,1.82,2.77
2025-07-26 15:30,1.15,747.87,201.67,277.55,347.07,1060.36,19.24,479.22,594.94,6.12,0.01,69,1015.48,965.64,19.40,231,231,1.82,2.75
2025-07-26 15:45,1.15,723.92,203.11,246.27,316.56,1031.51,19.18,449.38,568.73,6.06,0.00,69,1015.42,965.74,19.31,233,233,1.82,2.85
2025-07-26 16:00,1.15,697.51,202.05,217.37,288.34,999.62,19.12,419.43,542.11,6.00,0.00,70,1015.36,965.80,19.23,235,234,1.82,2.90
2025-07-26 16:15,1.15,668.77,198.00,192.88,265.07,964.82,19.05,390.88,494.64,5.92,0.00,71,1015.29,965.84,19.13,237,236,1.82,2.82
2025-07-26 16:30,1.15,637.84,191.85,171.09,244.65,927.27,18.98,362.93,469.06,5.88,0.00,72,1015.23,965.85,19.03,240,237,1.82,2.70
2025-07-26 16:45,1.15,604.88,183.90,151.76,226.83,887.13,18.91,335.66,444.05,5.94,0.00,72,1015.16,965.84,18.93,242,238,1.82,2.70
2025-07-26 17:00,1.15,570.07,174.46,134.63,211.37,844.57,18.83,309.09,419.65,5.94,0.35,73,1015.10,965.81,18.83,241,236,1.82,2.71
2025-07-26 17:15,1.15,533.59,167.21,105.25,174.49,799.77,18.75,272.45,375.83,5.79,0.41,74,1015.15,965.72,18.73,235,230,1.81,2.75
2025-07-26 17:30,1.15,495.63,157.60,78.26,137.82,752.91,18.67,235.86,307.27,5.49,0.49,75,1015.19,965.58,18.63,226,223,1.80,2.80
2025-07-26 17:45,1.15,456.42,145.52,54.39,102.42,704.21,18.58,199.92,258.76,5.24,0.56,75,1015.24,965.46,18.52,218,216,1.79,2.92
2025-07-26 18:00,1.15,416.18,131.01,34.22,69.39,653.88,18.50,165.23,209.83,5.10,0.57,76,1015.28,965.42,18.42,212,211,1.79,3.04
2025-07-26 18:15,1.15,375.15,116.29,26.24,57.79,602.11,18.42,142.53,162.52,4.98,0.53,76,1015.33,965.49,18.32,207,205,1.77,2.96
2025-07-26 18:30,1.15,333.61,101.59,19.80,47.82,549.15,18.33,121.40,137.46,4.88,0.43,77,1015.38,965.65,18.22,201,199,1.76,2.80
2025-07-26 18:45,1.16,291.84,87.15,14.68,39.31,495.20,18.25,101.83,114.30,4.84,0.33,77,1015.42,965.82,18.12,196,193,1.74,2.68
2025-07-26 19:00,1.16,250.18,73.16,10.66,32.07,440.52,18.16,83.81,93.05,4.86,0.25,78,1015.47,965.93,18.02,194,190,1.73,2.62
2025-07-26 19:15,1.16,209.00,59.43,6.82,23.47,385.32,18.06,66.25,70.81,4.93,0.20,78,1015.51,965.95,17.94,201,197,1.74,2.59
2025-07-26 19:30,1.16,168.75,47.85,2.68,10.77,329.84,17.96,50.53,46.83,4.95,0.17,79,1015.56,965.92,17.85,214,211,1.76,2.56
2025-07-26 19:45,1.16,130.01,36.34,0.38,1.82,274.33,17.86,36.72,23.79,4.85,0.15,79,1015.60,965.88,17.76,228,225,1.77,2.55
2025-07-26 20:00,1.16,93.52,24.88,0.00,0.00,219.02,17.75,24.88,14.53,4.76,0.15,80,1015.65,965.83,17.67,235,232,1.78,2.58
2025-07-26 20:15,1.16,60.39,18.06,0.00,0.00,164.14,17.69,18.06,10.22,4.76,0.18,80,1015.75,965.77,17.61,230,228,1.78,2.60
2025-07-26 20:30,1.16,32.30,10.78,0.00,0.00,109.94,17.63,10.78,5.90,4.77,0.23,80,1015.84,965.70,17.55,217,214,1.77,2.65
2025-07-26 20:45,1.16,11.84,4.41,0.00,0.00,56.64,17.56,4.41,2.33,4.68,0.29,80,1015.94,965.64,17.49,201,200,1.76,2.70
2025-07-26 21:00,1.16,0.63,0.34,0.00,0.00,4.47,17.50,0.34,0.17,4.55,0.35,80,1016.04,965.64,17.43,190,191,1.76,2.74
2025-07-26 21:15,1.16,0.00,0.00,0.00,0.00,0.00,17.44,0.00,0.00,4.58,0.43,80,1016.14,965.71,17.40,186,189,1.78,2.82
2025-07-26 21:30,1.16,0.00,0.00,0.00,0.00,0.00,17.38,0.00,0.00,4.70,0.52,80,1016.23,965.84,17.36,184,191,1.81,2.89
2025-07-26 21:45,1.16,0.00,0.00,0.00,0.00,0.00,17.32,0.00,0.00,4.83,0.60,81,1016.33,965.99,17.32,184,194,1.84,2.97
2025-07-26 22:00,1.16,0.00,0.00,0.00,0.00,0.00,17.26,0.00,0.00,4.89,0.65,81,1016.43,966.14,17.29,184,197,1.86,3.03
2025-07-26 22:15,1.16,0.00,0.00,0.00,0.00,0.00,17.24,0.00,0.00,4.83,0.65,81,1016.53,966.30,17.27,185,198,1.89,3.05
2025-07-26 22:30,1.16,0.00,0.00,0.00,0.00,0.00,17.21,0.00,0.00,4.71,0.62,81,1016.62,966.48,17.25,186,199,1.91,3.05
2025-07-26 22:45,1.16,0.00,0.00,0.00,0.00,0.00,17.19,0.00,0.00,4.59,0.57,81,1016.72,966.64,17.24,187,200,1.93,3.05
2025-07-26 23:00,1.16,0.00,0.00,0.00,0.00,0.00,17.16,0.00,0.00,4.53,0.52,81,1016.82,966.75,17.22,188,201,1.95,3.06
2025-07-26 23:15,1.16,0.00,0.00,0.00,0.00,0.00,17.16,0.00,0.00,4.52,0.48,82,1016.81,966.78,17.20,189,203,1.95,3.03
2025-07-26 23:30,1.16,0.00,0.00,0.00,0.00,0.00,17.15,0.00,0.00,4.56,0.43,82,1016.80,966.78,17.18,191,204,1.94,3.00
2025-07-26 23:45,1.16,0.00,0.00,0.00,0.00,0.00,17.14,0.00,0.00,4.62,0.38,82,1016.78,966.73,17.16,192,206,1.94,3.00
2025-07-27 00:00,1.16,0.00,0.00,0.00,0.00,0.00,17.14,0.00,0.00,4.64,0.35,82,1016.77,966.65,17.15,194,208,1.94,3.02
2025-07-27 00:15,1.16,0.00,0.00,0.00,0.00,0.00,17.15,0.00,0.00,4.60,0.34,83,1016.76,966.51,17.13,195,210,1.92,3.09
2025-07-27 00:30,1.16,0.00,0.00,0.00,0.00,0.00,17.17,0.00,0.00,4.52,0.34,83,1016.74,966.32,17.12,196,212,1.90,3.19
2025-07-27 00:45,1.16,0.00,0.00,0.00,0.00,0.00,17.19,0.00,0.00,4.45,0.35,83,1016.73,966.12,17.10,197,214,1.88,3.30
2025-07-27 01:00,1.16,0.00,0.00,0.00,0.00,0.00,17.20,0.00,0.00,4.43,0.35,84,1016.72,965.94,17.09,199,215,1.86,3.37
2025-07-27 01:15,1.16,0.00,0.00,0.00,0.00,0.00,17.21,0.00,0.00,4.47,0.34,84,1016.71,965.78,17.07,201,218,1.85,3.41
2025-07-27 01:30,1.16,0.00,0.00,0.00,0.00,0.00,17.22,0.00,0.00,4.54,0.32,85,1016.70,965.63,17.04,203,221,1.83,3.42
2025-07-27 01:45,1.16,0.00,0.00,0.00,0.00,0.00,17.23,0.00,0.00,4.62,0.30,85,1016.68,965.51,17.02,206,225,1.82,3.42
2025-07-27 02:00,1.16,0.00,0.00,0.00,0.00,0.00,17.24,0.00,0.00,4.67,0.30,86,1016.67,965.44,17.00,208,228,1.81,3.41
2025-07-27 02:15,1.16,0.00,0.00,0.00,0.00,0.00,17.24,0.00,0.00,4.74,0.32,86,1016.57,965.48,16.98,210,230,1.82,3.43
2025-07-27 02:30,1.16,0.00,0.00,0.00,0.00,0.00,17.24,0.00,0.00,4.80,0.35,86,1016.48,965.58,16.97,211,232,1.82,3.43
2025-07-27 02:45,1.16,0.00,0.00,0.00,0.00,0.00,17.24,0.00,0.00,4.85,0.38,87,1016.38,965.69,16.95,213,233,1.83,3.43
2025-07-27 03:00,1.16,0.00,0.00,0.00,0.00,0.00,17.24,0.00,0.00,4.86,0.40,87,1016.28,965.74,16.94,213,232,1.84,3.41
2025-07-27 03:15,1.16,0.00,0.00,0.00,0.00,0.00,17.26,0.00,0.00,4.79,0.40,87,1016.19,965.71,16.94,211,228,1.83,3.35
2025-07-27 03:30,1.16,0.00,0.00,0.00,0.00,0.00,17.29,0.00,0.00,4.66,0.40,88,1016.09,965.63,16.95,208,223,1.83,3.28
2025-07-27 03:45,1.16,0.00,0.00,0.00,0.00,0.00,17.31,0.00,0.00,4.53,0.38,88,1015.99,965.53,16.96,206,218,1.83,3.23
2025-07-27 04:00,1.16,0.00,0.00,0.00,0.00,0.00,17.34,0.00,0.00,4.49,0.35,88,1015.90,965.44,16.96,204,214,1.82,3.21
2025-07-27 04:15,1.16,0.00,0.00,0.00,0.00,0.00,17.40,0.00,0.00,4.56,0.30,88,1015.80,965.36,17.00,202,212,1.83,3.22
2025-07-27 04:30,1.16,0.00,0.00,0.00,0.00,0.00,17.46,0.00,0.00,4.70,0.24,88,1015.70,965.28,17.04,199,210,1.83,3.23
2025-07-27 04:45,1.16,0.00,0.00,0.00,0.00,0.00,17.44,0.00,0.00,4.84,0.18,88,1015.61,965.21,17.04,196,210,1.84,3.25
2025-07-27 05:00,1.16,0.00,0.00,0.00,0.00,0.00,17.46,0.00,0.00,4.96,0.12,88,1015.51,965.14,17.06,194,210,1.84,3.27
2025-07-27 05:15,1.16,0.00,0.00,0.00,0.00,0.00,17.52,0.00,0.00,5.05,0.08,88,1015.53,965.08,17.12,196,213,1.85,3.30
2025-07-27 05:30,1.16,0.00,0.00,0.00,0.00,0.00,17.59,0.00,0.00,5.13,0.04,88,1015.55,965.02,17.17,201,219,1.86,3.35
2025-07-27 05:45,1.16,0.00,0.00,0.00,0.00,0.00,17.65,0.00,0.00,5.16,0.02,88,1015.56,964.98,17.23,206,224,1.87,3.40
2025-07-27 06:00,1.16,0.00,0.00,0.00,0.00,0.00,17.71,0.00,0.00,5.12,0.03,87,1015.58,964.93,17.28,208,226,1.87,3.40
2025-07-27 06:15,1.16,7.19,2.79,0.24,2.70,39.20,17.80,3.02,4.26,4.97,0.08,87,1015.60,964.90,17.37,205,222,1.88,3.34
2025-07-27 06:30,1.16,24.51,9.75,0.84,9.68,92.13,17.88,10.59,15.33,4.74,0.17,87,1015.61,964.88,17.46,199,216,1.89,3.23
2025-07-27 06:45,1.16,50.39,20.18,1.79,16.26,146.04,17.97,21.97,28.36,4.52,0.26,86,1015.63,964.86,17.54,195,210,1.89,3.13
2025-07-27 07:00,1.16,82.06,32.92,2.99,19.77,200.70,18.06,35.91,44.79,4.44,0.32,86,1015.65,964.83,17.63,193,206,1.90,3.07
2025-07-27 07:15,1.16,117.55,45.07,7.08,36.71,255.87,18.15,52.16,73.86,4.65,0.34,85,1015.67,964.78,17.74,192,206,1.94,3.10
2025-07-27 07:30,1.15,155.62,56.96,12.95,55.18,311.31,18.25,69.91,121.67,5.02,0.34,85,1015.68,964.72,17.85,191,206,1.99,3.15
2025-07-27 07:45,1.15,195.42,68.21,20.61,74.53,366.79,18.34,88.83,152.40,5.41,0.32,85,1015.70,964.67,17.96,192,209,2.03,3.21
2025-07-27 08:00,1.15,236.31,78.61,30.01,94.31,422.08,18.44,108.62,182.49,5.67,0.30,84,1015.72,964.62,18.08,196,212,2.08,3.27
2025-07-27 08:15,1.15,277.83,89.46,30.33,84.33,476.92,18.57,119.79,182.90,5.68,0.29,84,1015.63,964.58,18.21,203,215,2.11,3.31
2025-07-27 08:30,1.15,319.56,99.65,28.96,72.32,531.09,18.70,128.62,180.50,5.54,0.27,83,1015.54,964.54,18.35,210,219,2.14,3.34
2025-07-27 08:45,1.15,361.18,109.25,25.74,58.41,584.36,18.82,134.99,155.86,5.33,0.25,83,1015.45,964.52,18.49,217,223,2.18,3.34
2025-07-27 09:00,1.15,402.37,118.38,20.41,42.53,636.50,18.95,138.79,148.52,5.20,0.22,82,1015.36,964.51,18.62,223,227,2.21,3.33
2025-07-27 09:15,1.15,442.85,138.56,30.22,58.31,687.28,19.11,168.78,185.63,5.14,0.20,82,1015.27,964.53,18.79,228,231,2.25,3.31
2025-07-27 09:30,1.15,482.39,160.31,40.99,73.81,736.49,19.27,201.30,245.36,5.11,0.18,81,1015.18,964.59,18.95,234,235,2.28,3.28
2025-07-27 09:45,1.15,520.73,183.45,52.68,89.11,783.91,19.42,236.13,285.88,5.10,0.15,81,1015.09,964.63,19.11,238,239,2.32,3.25
2025-07-27 10:00,1.15,557.67,207.83,65.22,104.30,829.34,19.58,273.06,327.48,5.12,0.12,80,1015.00,964.60,19.28,243,244,2.36,3.25
2025-07-27 10:15,1.15,593.00,223.09,82.52,125.41,872.60,19.76,305.60,364.53,5.15,0.09,79,1014.91,964.45,19.45,248,249,2.38,3.26
2025-07-27 10:30,1.15,626.53,237.92,101.07,146.74,913.48,19.94,338.99,401.25,5.19,0.05,79,1014.82,964.22,19.63,253,254,2.40,3.30
2025-07-27 10:45,1.15,658.09,252.24,120.75,168.24,951.82,20.12,372.99,437.48,5.25,0.02,78,1014.73,964.01,19.81,257,259,2.43,3.35
2025-07-27 11:00,1.15,687.50,265.97,141.36,189.86,987.45,20.29,407.34,492.97,5.31,0.00,77,1014.64,963.88,19.99,260,262,2.45,3.41
2025-07-27 11:15,1.14,714.62,280.68,152.13,197.75,1020.22,20.43,432.81,514.72,5.43,0.00,77,1014.59,963.89,20.14,261,265,2.48,3.51
2025-07-27 11:30,1.14,739.32,294.71,162.77,205.59,1050.00,20.57,457.48,535.60,5.56,0.00,76,1014.55,963.98,20.29,263,267,2.51,3.58
2025-07-27 11:45,1.14,761.46,307.98,173.21,213.37,1076.64,20.72,481.20,555.56,5.74,0.02,75,1014.50,964.09,20.45,263,268,2.54,3.67
2025-07-27 12:00,1.14,780.94,320.40,183.38,221.08,1100.04,20.86,503.77,574.57,5.92,0.03,75,1014.45,964.17,20.60,262,267,2.57,3.76
2025-07-27 12:15,1.14,797.65,288.02,168.98,200.07,1120.09,20.91,457.00,516.26,6.14,0.03,74,1014.41,964.20,20.70,258,265,2.63,3.86
2025-07-27 12:30,1.14,811.53,253.07,153.30,178.86,1136.72,20.97,406.37,455.59,6.33,0.03,74,1014.36,964.21,20.80,253,260,2.69,3.95
2025-07-27 12:45,1.14,822.49,215.91,136.56,157.51,1149.84,21.02,352.48,392.96,6.51,0.02,73,1014.31,964.20,20.90,248,256,2.75,4.02
2025-07-27 13:00,1.14,830.49,176.94,118.99,136.11,1159.40,21.08,295.93,328.76,6.72,0.03,73,1014.27,964.16,20.99,245,254,2.81,4.10
2025-07-27 13:15,1.14,835.47,174.50,94.15,107.15,1165.37,21.06,268.65,296.50,6.95,0.03,73,1014.22,964.07,20.99,247,255,2.84,4.14
2025-07-27 13:30,1.14,837.43,172.84,67.30,76.44,1167.71,21.04,240.15,254.40,7.21,0.03,73,1014.17,963.94,20.99,252,258,2.86,4.18
2025-07-27 13:45,1.14,836.35,172.96,37.78,42.96,1166.42,21.03,210.74,211.42,7.46,0.04,73,1014.13,963.82,20.99,257,262,2.89,4.21
2025-07-27 14:00,1.14,832.23,176.83,3.90,4.45,1161.50,21.01,180.73,169.22,7.72,0.05,73,1014.08,963.76,20.99,258,262,2.91,4.23
2025-07-27 14:15,1.14,825.10,214.76,5.27,6.07,1152.96,20.90,220.03,206.73,8.02,0.07,73,1014.02,963.79,20.91,253,258,2.92,4.23
2025-07-27 14:30,1.14,814.98,251.16,6.53,7.59,1140.86,20.78,257.69,242.78,8.30,0.09,73,1013.95,963.88,20.82,243,250,2.92,4.21
2025-07-27 14:45,1.14,801.94,285.59,7.70,9.07,1125.23,20.67,293.29,277.03,8.46,0.13,73,1013.89,963.98,20.73,231,240,2.93,4.16
2025-07-27 15:00,1.14,786.03,317.65,8.77,10.51,1106.15,20.56,326.41,309.21,8.57,0.17,74,1013.82,964.07,20.65,222,233,2.94,4.13
2025-07-27 15:15,1.14,767.33,287.49,6.56,8.03,1083.69,20.33,294.05,275.52,8.80,0.26,74,1013.76,964.13,20.48,219,231,3.00,4.20
2025-07-27 15:30,1.14,745.93,257.56,4.36,5.47,1057.96,20.10,261.93,242.13,9.04,0.37,75,1013.70,964.19,20.31,218,233,3.07,4.26
2025-07-27 15:45,1.15,721.94,228.16,2.18,2.81,1029.06,19.88,230.34,209.37,9.27,0.47,75,1013.63,964.24,20.14,218,236,3.13,4.33
2025-07-27 16:00,1.15,695.48,199.59,0.00,0.00,997.12,19.65,199.59,177.57,9.43,0.50,76,1013.57,964.28,19.98,218,236,3.20,4.39
2025-07-27 16:15,1.15,666.69,205.16,0.87,1.20,962.26,19.46,206.03,182.60,9.44,0.44,77,1013.50,964.31,19.79,216,234,3.19,4.37
2025-07-27 16:30,1.15,635.71,208.87,1.61,2.31,924.66,19.28,210.48,185.92,9.41,0.30,78,1013.44,964.34,19.60,215,231,3.17,4.35
2025-07-27 16:45,1.15,602.70,210.62,2.24,3.35,884.45,19.09,212.86,187.52,9.34,0.17,78,1013.37,964.34,19.42,215,227,3.16,4.35
2025-07-27 17:00,1.15,567.83,210.33,2.76,4.34,841.81,18.90,213.09,187.42,9.26,0.10,79,1013.31,964.30,19.23,215,225,3.14,4.37
2025-07-27 17:15,1.15,531.30,213.81,17.37,28.91,796.94,18.74,231.19,236.41,9.10,0.12,80,1013.33,964.18,19.06,215,225,3.09,4.35
2025-07-27 17:30,1.15,493.29,211.01,16.01,28.31,750.01,18.58,227.02,234.80,8.91,0.18,80,1013.34,964.00,18.88,217,227,3.04,4.36
2025-07-27 17:45,1.15,454.02,205.88,14.47,27.38,701.23,18.42,220.35,207.92,8.70,0.27,81,1013.36,963.82,18.71,219,228,2.99,4.37
2025-07-27 18:00,1.15,413.73,198.40,12.81,26.10,650.81,18.26,211.20,201.04,8.50,0.35,81,1013.38,963.70,18.53,219,227,2.93,4.36
2025-07-27 18:15,1.15,372.66,163.49,9.58,21.21,598.96,18.15,173.07,160.24,8.28,0.43,82,1013.40,963.66,18.39,215,223,2.85,4.26
2025-07-27 18:30,1.15,331.08,131.61,6.90,16.76,545.91,18.05,138.51,123.70,8.09,0.53,82,1013.42,963.67,18.24,209,217,2.76,4.16
2025-07-27 18:45,1.15,289.28,102.95,4.74,12.78,491.88,17.95,107.69,91.68,7.82,0.61,83,1013.43,963.70,18.09,204,212,2.67,4.07
2025-07-27 19:00,1.15,247.59,77.70,3.06,9.29,437.11,17.84,80.76,64.41,7.44,0.62,83,1013.45,963.72,17.95,203,211,2.58,4.00
2025-07-27 19:15,1.15,206.41,63.85,2.08,7.22,381.82,17.72,65.93,50.17,6.95,0.56,84,1013.47,963.72,17.83,209,216,2.55,4.08
2025-07-27 19:30,1.15,166.19,50.68,1.29,5.24,326.26,17.60,51.97,36.89,6.27,0.43,84,1013.48,963.73,17.70,218,223,2.52,4.17
2025-07-27 19:45,1.15,127.50,38.35,0.69,3.38,270.66,17.48,39.04,26.57,5.94,0.28,85,1013.50,963.74,17.58,224,229,2.49,4.64
2025-07-27 20:00,1.16,91.13,27.05,0.28,1.72,215.26,17.37,27.33,17.54,5.72,0.17,85,1013.52,963.72,17.46,227,232,2.47,4.92
2025-07-27 20:15,1.16,58.21,18.05,0.17,1.41,160.29,17.29,18.22,11.62,5.52,0.12,85,1013.54,963.68,17.37,227,232,2.42,4.78
2025-07-27 20:30,1.16,30.50,9.90,0.09,0.98,106.00,17.22,9.99,6.39,5.31,0.09,85,1013.57,963.61,17.28,224,231,2.37,4.34
2025-07-27 20:45,1.16,10.67,3.67,0.03,0.33,52.62,17.14,3.69,2.26,5.38,0.07,86,1013.59,963.55,17.19,219,229,2.32,4.11
2025-07-27 21:00,1.16,0.10,0.10,0.00,0.01,0.37,17.07,0.10,0.06,5.44,0.05,86,1013.62,963.53,17.10,213,227,2.27,3.97
2025-07-27 21:15,1.16,0.00,0.00,0.00,0.00,0.00,16.98,0.00,0.00,5.42,0.04,86,1013.64,963.58,17.03,209,226,2.28,3.88
2025-07-27 21:30,1.16,0.00,0.00,0.00,0.00,0.00,16.89,0.00,0.00,5.34,0.03,86,1013.67,963.67,16.96,204,223,2.28,3.75
2025-07-27 21:45,1.16,0.00,0.00,0.00,0.00,0.00,16.80,0.00,0.00,5.22,0.03,86,1013.69,963.77,16.89,199,221,2.29,3.63
2025-07-27 22:00,1.16,0.00,0.00,0.00,0.00,0.00,16.71,0.00,0.00,5.11,0.03,86,1013.71,963.84,16.82,195,218,2.30,3.56
2025-07-27 22:15,1.16,0.00,0.00,0.00,0.00,0.00,16.66,0.00,0.00,5.02,0.02,87,1013.74,963.86,16.78,192,216,2.30,3.56
2025-07-27 22:30,1.16,0.00,0.00,0.00,0.00,0.00,16.60,0.00,0.00,4.96,0.02,87,1013.76,963.87,16.73,189,214,2.30,3.61
2025-07-27 22:45,1.16,0.00,0.00,0.00,0.00,0.00,16.54,0.00,0.00,4.89,0.02,87,1013.79,963.86,16.68,187,212,2.30,3.67
2025-07-27 23:00,1.16,0.00,0.00,0.00,0.00,0.00,16.48,0.00,0.00,4.83,0.03,87,1013.81,963.84,16.63,185,211,2.31,3.70
2025-07-27 23:15,1.16,0.00,0.00,0.00,0.00,0.00,16.43,0.00,0.00,4.75,0.02,87,1013.79,963.81,16.56,184,211,2.27,3.70
2025-07-27 23:30,1.16,0.00,0.00,0.00,0.00,0.00,16.39,0.00,0.00,4.69,0.01,88,1013.77,963.76,16.50,185,213,2.24,3.71
2025-07-27 23:45,1.16,0.00,0.00,0.00,0.00,0.00,16.34,0.00,0.00,4.66,0.02,88,1013.75,963.70,16.43,186,214,2.20,3.71
2025-07-28 00:00,1.16,0.00,0.00,0.00,0.00,0.00,16.30,0.00,0.00,4.66,0.08,88,1013.73,963.64,16.36,188,217,2.17,3.68
2025-07-28 00:15,1.16,0.00,0.00,0.00,0.00,0.00,16.34,0.00,0.00,4.69,0.09,88,1013.71,963.59,16.38,191,219,2.11,3.57
2025-07-28 00:30,1.16,0.00,0.00,0.00,0.00,0.00,16.39,0.00,0.00,4.75,0.11,88,1013.68,963.53,16.39,193,222,2.06,3.41
2025-07-28 00:45,1.16,0.00,0.00,0.00,0.00,0.00,16.44,0.00,0.00,4.82,0.12,88,1013.66,963.45,16.41,197,226,2.01,3.28
2025-07-28 01:00,1.16,0.00,0.00,0.00,0.00,0.00,16.48,0.00,0.00,4.88,0.14,88,1013.64,963.34,16.43,201,230,1.96,3.20
2025-07-28 01:15,1.16,0.00,0.00,0.00,0.00,0.00,16.47,0.00,0.00,4.95,0.15,88,1013.62,963.16,16.41,206,233,1.95,3.26
2025-07-28 01:30,1.16,0.00,0.00,0.00,0.00,0.00,16.46,0.00,0.00,4.99,0.17,88,1013.60,962.92,16.40,212,234,1.94,3.36
2025-07-28 01:45,1.16,0.00,0.00,0.00,0.00,0.00,16.44,0.00,0.00,5.00,0.19,88,1013.58,962.69,16.38,217,236,1.94,3.45
2025-07-28 02:00,1.16,0.00,0.00,0.00,0.00,0.00,16.43,0.00,0.00,5.00,0.20,88,1013.56,962.54,16.37,222,238,1.93,3.51
2025-07-28 02:15,1.16,0.00,0.00,0.00,0.00,0.00,16.40,0.00,0.00,5.03,0.21,88,1013.54,962.48,16.36,227,241,1.95,3.56
2025-07-28 02:30,1.16,0.00,0.00,0.00,0.00,0.00,16.37,0.00,0.00,5.05,0.23,87,1013.51,962.48,16.35,232,244,1.97,3.58
2025-07-28 02:45,1.16,0.00,0.00,0.00,0.00,0.00,16.34,0.00,0.00,5.08,0.24,87,1013.49,962.51,16.34,236,247,1.99,3.60
2025-07-28 03:00,1.16,0.00,0.00,0.00,0.00,0.00,16.31,0.00,0.00,5.15,0.26,87,1013.46,962.54,16.34,241,250,2.01,3.64
2025-07-28 03:15,1.16,0.00,0.00,0.00,0.00,0.00,16.19,0.00,0.00,5.27,0.27,88,1013.44,962.58,16.25,246,253,2.05,3.72
2025-07-28 03:30,1.16,0.00,0.00,0.00,0.00,0.00,16.07,0.00,0.00,5.40,0.29,88,1013.41,962.65,16.16,251,257,2.09,3.81
2025-07-28 03:45,1.16,0.00,0.00,0.00,0.00,0.00,15.95,0.00,0.00,5.53,0.30,88,1013.39,962.71,16.08,255,260,2.13,3.90
2025-07-28 04:00,1.16,0.00,0.00,0.00,0.00,0.00,15.82,0.00,0.00,5.68,0.32,89,1013.37,962.75,15.99,258,263,2.17,3.98
2025-07-28 04:15,1.16,0.00,0.00,0.00,0.00,0.00,15.76,0.00,0.00,5.82,0.33,89,1013.34,962.74,15.94,260,264,2.19,4.03
2025-07-28 04:30,1.16,0.00,0.00,0.00,0.00,0.00,15.69,0.00,0.00,5.98,0.35,89,1013.32,962.72,15.90,260,265,2.21,4.07
2025-07-28 04:45,1.16,0.00,0.00,0.00,0.00,0.00,15.62,0.00,0.00,6.15,0.36,89,1013.29,962.68,15.85,261,266,2.23,4.11
2025-07-28 05:00,1.16,0.00,0.00,0.00,0.00,0.00,15.55,0.00,0.00,6.31,0.38,89,1013.27,962.65,15.80,262,267,2.25,4.16
2025-07-28 05:15,1.16,0.00,0.00,0.00,0.00,0.00,15.51,0.00,0.00,6.49,0.39,89,1013.36,962.63,15.78,264,268,2.27,4.21
2025-07-28 05:30,1.16,0.00,0.00,0.00,0.00,0.00,15.46,0.00,0.00,6.68,0.40,89,1013.45,962.62,15.75,266,269,2.28,4.28
2025-07-28 05:45,1.16,0.00,0.00,0.00,0.00,0.00,15.41,0.00,0.00,6.86,0.40,90,1013.55,962.60,15.72,268,270,2.30,4.34
2025-07-28 06:00,1.16,0.00,0.00,0.00,0.00,0.00,15.36,0.00,0.00,7.00,0.41,90,1013.64,962.55,15.69,270,271,2.32,4.37
2025-07-28 06:15,1.16,6.26,1.79,0.00,0.00,35.22,15.33,1.79,0.93,7.09,0.42,89,1013.73,962.43,15.68,272,272,2.33,4.35
2025-07-28 06:30,1.16,22.91,6.46,0.00,0.00,88.24,15.30,6.46,3.47,7.15,0.43,89,1013.82,962.26,15.67,274,274,2.33,4.30
2025-07-28 06:45,1.16,48.33,13.08,0.00,0.00,142.24,15.27,13.08,7.29,7.17,0.43,89,1013.91,962.11,15.66,276,275,2.34,4.25
2025-07-28 07:00,1.16,79.74,20.57,0.00,0.00,196.98,15.24,20.57,11.85,7.14,0.44,89,1014.00,962.05,15.65,278,277,2.35,4.21
2025-07-28 07:15,1.16,115.09,26.92,0.00,0.00,252.24,15.22,26.92,16.01,6.98,0.45,89,1014.09,962.11,15.64,281,279,2.36,4.18
2025-07-28 07:30,1.16,153.07,32.07,0.00,0.00,307.77,15.20,32.07,19.66,6.72,0.46,89,1014.19,962.26,15.63,284,281,2.38,4.14
2025-07-28 07:45,1.16,192.82,35.64,0.00,0.00,363.34,15.18,35.64,22.50,6.47,0.48,89,1014.28,962.43,15.62,287,283,2.39,4.11
2025-07-28 08:00,1.16,233.70,37.40,0.00,0.00,418.71,15.16,37.40,24.29,6.32,0.49,89,1014.37,962.55,15.62,289,285,2.40,4.08
2025-07-28 08:15,1.16,275.22,46.93,0.00,0.00,473.64,15.17,46.93,31.38,6.26,0.51,89,1014.45,962.60,15.62,290,286,2.39,4.03
2025-07-28 08:30,1.16,316.97,57.36,0.00,0.00,527.90,15.19,57.36,39.46,6.27,0.54,89,1014.53,962.63,15.63,291,288,2.38,4.00
2025-07-28 08:45,1.16,358.60,68.65,0.00,0.00,581.26,15.20,68.65,48.52,6.33,0.57,89,1014.61,962.64,15.64,292,289,2.37,3.96
2025-07-28 09:00,1.16,399.81,80.71,0.00,0.00,633.48,15.21,80.71,58.57,6.43,0.61,88,1014.69,962.65,15.65,293,291,2.35,3.92
2025-07-28 09:15,1.16,440.33,90.14,0.00,0.00,684.34,15.24,90.14,67.61,6.60,0.65,88,1014.77,962.67,15.68,297,294,2.37,3.87
2025-07-28 09:30,1.16,479.89,99.59,0.00,0.00,733.62,15.27,99.59,76.90,6.83,0.68,88,1014.84,962.68,15.72,303,299,2.38,3.79
2025-07-28 09:45,1.16,518.27,109.02,0.00,0.00,781.12,15.30,109.02,86.39,6.96,0.72,88,1014.92,962.70,15.75,311,305,2.39,3.65
2025-07-28 10:00,1.16,555.23,118.36,0.00,0.00,826.62,15.33,118.36,95.99,7.01,0.75,88,1015.00,962.75,15.79,319,312,2.40,3.56
2025-07-28 10:15,1.16,590.59,120.72,0.00,0.00,869.94,15.41,120.72,99.54,6.98,0.77,87,1015.08,962.85,15.87,327,319,2.40,3.55
2025-07-28 10:30,1.16,624.15,122.11,0.00,0.00,910.89,15.49,122.11,102.26,6.85,0.78,87,1015.16,962.99,15.94,333,325,2.40,3.57
2025-07-28 10:45,1.16,655.73,122.53,0.00,0.00,949.29,15.57,122.53,104.11,6.67,0.79,87,1015.24,963.13,16.02,336,329,2.40,3.56
2025-07-28 11:00,1.16,685.17,122.02,0.00,0.00,984.98,15.65,122.02,105.07,6.56,0.78,86,1015.32,963.25,16.09,339,332,2.40,3.55
2025-07-28 11:15,1.16,712.32,123.04,2.28,2.97,1017.80,15.77,125.32,110.37,5.79,0.76,86,1015.41,963.32,16.19,290,288,2.38,3.82
2025-07-28 11:30,1.16,737.04,123.76,4.31,5.46,1047.61,15.90,128.07,114.83,5.82,0.73,86,1015.51,963.38,16.29,293,290,2.36,3.76
2025-07-28 11:45,1.16,759.20,124.15,6.13,7.57,1074.30,16.02,130.28,118.49,5.96,0.68,85,1015.60,963.44,16.39,296,292,2.33,3.78
2025-07-28 12:00,1.16,778.69,124.18,7.75,9.37,1097.73,16.14,131.94,121.38,6.13,0.63,85,1015.69,963.54,16.49,298,293,2.31,3.77
2025-07-28 12:15,1.16,795.43,134.58,9.98,11.85,1117.81,16.24,144.56,140.63,6.40,0.57,84,1015.79,963.68,16.60,298,292,2.33,3.77
2025-07-28 12:30,1.16,809.31,144.77,12.28,14.36,1134.46,16.34,157.05,153.66,6.69,0.50,83,1015.88,963.85,16.72,297,290,2.35,3.74
2025-07-28 12:45,1.16,820.29,154.67,14.61,16.89,1147.61,16.44,169.28,166.37,6.96,0.44,83,1015.97,964.04,16.83,296,287,2.37,3.70
2025-07-28 13:00,1.16,828.29,164.17,16.96,19.45,1157.18,16.53,181.13,178.65,7.17,0.37,82,1016.07,964.24,16.95,295,286,2.39,3.67
2025-07-28 13:15,1.16,833.29,182.40,20.33,23.18,1163.16,16.67,202.73,200.75,7.23,0.31,82,1016.16,964.47,17.05,295,286,2.35,3.55
2025-07-28 13:30,1.16,835.26,199.98,23.78,27.06,1165.50,16.81,223.76,222.34,7.22,0.26,81,1016.25,964.74,17.16,296,287,2.31,3.42
2025-07-28 13:45,1.16,834.18,216.74,27.27,31.07,1164.20,16.95,244.00,243.22,7.16,0.21,81,1016.35,964.98,17.26,296,289,2.27,3.31
2025-07-28 14:00,1.16,830.07,232.50,30.73,35.17,1159.27,17.09,263.24,263.18,7.07,0.17,80,1016.44,965.13,17.37,295,289,2.23,3.21
2025-07-28 14:15,1.16,822.94,239.87,31.73,36.58,1150.72,17.19,271.60,271.89,6.96,0.15,80,1016.48,965.15,17.46,294,287,2.21,3.21
2025-07-28 14:30,1.16,812.82,246.17,32.58,37.96,1138.59,17.29,278.76,279.46,6.98,0.13,79,1016.53,965.08,17.55,291,284,2.19,3.43
2025-07-28 14:45,1.16,799.77,251.33,33.29,39.32,1122.94,17.38,284.61,285.82,7.00,0.11,79,1016.57,965.01,17.64,290,282,2.17,3.64
2025-07-28 15:00,1.16,783.86,255.25,33.83,40.65,1103.82,17.48,289.08,290.89,7.02,0.10,78,1016.62,965.03,17.72,289,282,2.15,3.76
2025-07-28 15:15,1.16,765.14,245.28,32.52,39.90,1081.33,17.50,277.80,279.51,7.05,0.09,78,1016.66,965.19,17.75,291,284,2.15,3.72
2025-07-28 15:30,1.16,743.73,234.64,31.13,39.12,1055.55,17.52,265.77,267.36,7.08,0.08,78,1016.71,965.45,17.77,295,288,2.16,3.59
2025-07-28 15:45,1.16,719.73,223.42,29.66,38.32,1026.61,17.55,253.07,254.56,7.10,0.08,78,1016.75,965.72,17.80,300,292,2.16,3.45
2025-07-28 16:00,1.16,693.25,211.69,28.11,37.50,994.61,17.57,239.80,241.18,7.10,0.08,78,1016.79,965.93,17.82,303,296,2.17,3.35
2025-07-28 16:15,1.16,664.43,211.55,28.11,38.85,959.70,17.55,239.66,242.09,7.14,0.08,78,1016.84,966.07,17.79,305,297,2.15,3.33
2025-07-28 16:30,1.16,633.42,209.94,27.91,40.15,922.03,17.53,237.85,241.58,7.17,0.09,78,1016.88,966.16,17.76,306,298,2.13,3.29
2025-07-28 16:45,1.16,600.37,206.83,27.50,41.38,881.76,17.51,234.33,239.64,7.15,0.09,78,1016.93,966.24,17.73,307,298,2.11,3.24
2025-07-28 17:00,1.16,565.47,202.19,26.90,42.53,839.05,17.49,229.09,236.28,7.06,0.10,78,1016.97,966.33,17.70,307,299,2.09,3.19
2025-07-28 17:15,1.16,528.90,192.38,25.32,42.30,794.10,17.43,217.69,226.12,6.84,0.11,78,1017.04,966.43,17.62,307,301,2.06,3.13
2025-07-28 17:30,1.16,490.85,181.57,23.65,41.99,747.10,17.36,205.22,215.02,6.53,0.13,79,1017.12,966.53,17.55,307,303,2.02,3.07
2025-07-28 17:45,1.16,451.55,169.83,21.89,41.59,698.24,17.30,191.72,203.02,6.21,0.16,79,1017.19,966.63,17.47,306,304,1.98,3.01
2025-07-28 18:00,1.16,411.22,157.22,20.06,41.09,647.74,17.24,177.28,190.19,5.96,0.19,79,1017.26,966.74,17.39,302,303,1.95,2.94
2025-07-28 18:15,1.16,370.11,148.22,18.73,41.70,595.81,17.15,166.95,183.15,5.82,0.22,79,1017.33,966.87,17.29,294,297,1.92,2.85
2025-07-28 18:30,1.16,328.50,137.53,17.21,42.08,542.67,17.06,154.75,174.42,5.66,0.25,80,1017.41,967.02,17.20,281,287,1.89,2.72
2025-07-28 18:45,1.16,286.68,125.27,15.53,42.18,488.56,16.97,140.81,163.98,5.40,0.29,80,1017.48,967.16,17.11,266,274,1.86,2.54
2025-07-28 19:00,1.16,244.98,111.56,13.71,41.93,433.69,16.88,125.27,151.71,5.10,0.32,80,1017.55,967.25,17.01,255,263,1.84,2.39
2025-07-28 19:15,1.16,203.80,91.27,11.11,38.97,378.32,16.79,102.39,127.38,4.85,0.34,80,1017.62,967.28,16.91,250,258,1.78,2.25
2025-07-28 19:30,1.16,163.60,72.06,8.70,35.75,322.67,16.71,80.75,103.78,4.71,0.36,81,1017.70,967.26,16.81,249,257,1.73,2.15
2025-07-28 19:45,1.16,124.98,54.14,6.48,32.19,266.98,16.62,60.62,81.02,4.63,0.38,81,1017.77,967.23,16.71,247,256,1.68,2.07
2025-07-28 20:00,1.16,88.74,37.83,4.49,28.16,211.49,16.54,42.32,59.32,4.56,0.38,81,1017.84,967.26,16.60,243,250,1.63,1.99
2025-07-28 20:15,1.16,56.04,27.51,3.79,32.17,156.44,16.46,31.30,69.94,4.46,0.38,81,1017.96,967.35,16.52,232,235,1.60,1.94
2025-07-28 20:30,1.16,28.74,16.04,2.46,28.21,102.06,16.38,18.50,50.42,4.30,0.37,81,1018.09,967.48,16.44,218,215,1.56,1.93
2025-07-28 20:45,1.16,9.56,6.07,1.01,11.54,48.60,16.30,7.07,17.62,4.08,0.35,81,1018.21,967.63,16.35,205,200,1.52,1.98
2025-07-28 21:00,1.16,0.00,0.00,0.00,0.00,0.00,16.22,0.00,0.00,3.89,0.32,82,1018.34,967.77,16.27,198,193,1.48,2.03
2025-07-28 21:15,1.17,0.00,0.00,0.00,0.00,0.00,16.14,0.00,0.00,3.83,0.30,82,1018.46,967.90,16.20,195,191,1.46,2.11
2025-07-28 21:30,1.17,0.00,0.00,0.00,0.00,0.00,16.06,0.00,0.00,3.84,0.27,82,1018.59,968.05,16.12,194,191,1.44,2.21
2025-07-28 21:45,1.17,0.00,0.00,0.00,0.00,0.00,15.99,0.00,0.00,3.87,0.23,82,1018.72,968.18,16.05,195,192,1.42,2.28
2025-07-28 22:00,1.17,0.00,0.00,0.00,0.00,0.00,15.91,0.00,0.00,3.91,0.20,82,1018.84,968.28,15.97,195,194,1.39,2.34
2025-07-28 22:15,1.17,0.00,0.00,0.00,0.00,0.00,15.83,0.00,0.00,3.96,0.17,82,1018.96,968.33,15.90,197,198,1.37,2.38
2025-07-28 22:30,1.17,0.00,0.00,0.00,0.00,0.00,15.76,0.00,0.00,3.98,0.14,82,1019.09,968.34,15.82,199,203,1.36,2.37
2025-07-28 22:45,1.17,0.00,0.00,0.00,0.00,0.00,15.68,0.00,0.00,3.97,0.12,82,1019.21,968.35,15.75,200,207,1.34,2.36
2025-07-28 23:00,1.17,0.00,0.00,0.00,0.00,0.00,15.60,0.00,0.00,3.95,0.10,82,1019.34,968.38,15.68,201,210,1.32,2.36
2025-07-28 23:15,1.17,0.00,0.00,0.00,0.00,0.00,15.49,0.00,0.00,3.92,0.08,83,1019.35,968.45,15.57,201,210,1.32,2.36
2025-07-28 23:30,1.17,0.00,0.00,0.00,0.00,0.00,15.38,0.00,0.00,3.88,0.07,83,1019.37,968.54,15.47,200,208,1.32,2.34
2025-07-28 23:45,1.17,0.00,0.00,0.00,0.00,0.00,15.27,0.00,0.00,3.82,0.06,84,1019.39,968.63,15.37,198,206,1.32,2.32
2025-07-29 00:00,1.17,0.00,0.00,0.00,0.00,0.00,15.15,0.00,0.00,3.74,0.05,84,1019.40,968.69,15.27,197,205,1.32,2.29
2025-07-29 00:15,1.17,0.00,0.00,0.00,0.00,0.00,15.05,0.00,0.00,3.64,0.04,84,1019.42,968.72,15.17,196,204,1.32,2.24
2025-07-29 00:30,1.17,0.00,0.00,0.00,0.00,0.00,14.94,0.00,0.00,3.53,0.03,85,1019.43,968.74,15.06,196,203,1.31,2.18
2025-07-29 00:45,1.17,0.00,0.00,0.00,0.00,0.00,14.83,0.00,0.00,3.41,0.02,85,1019.45,968.73,14.96,195,202,1.30,2.13
2025-07-29 01:00,1.17,0.00,0.00,0.00,0.00,0.00,14.73,0.00,0.00,3.30,0.02,86,1019.46,968.70,14.86,196,203,1.30,2.12
2025-07-29 01:15,1.17,0.00,0.00,0.00,0.00,0.00,14.64,0.00,0.00,3.21,0.01,86,1019.47,968.62,14.76,198,205,1.28,2.16
2025-07-29 01:30,1.17,0.00,0.00,0.00,0.00,0.00,14.55,0.00,0.00,3.12,0.01,87,1019.49,968.50,14.67,200,208,1.26,2.24
2025-07-29 01:45,1.17,0.00,0.00,0.00,0.00,0.00,14.46,0.00,0.00,3.05,0.00,87,1019.51,968.38,14.57,203,211,1.25,2.34
2025-07-29 02:00,1.17,0.00,0.00,0.00,0.00,0.00,14.38,0.00,0.00,3.00,0.00,88,1019.52,968.30,14.47,205,213,1.23,2.42
2025-07-29 02:15,1.17,0.00,0.00,0.00,0.00,0.00,14.31,0.00,0.00,2.78,0.00,88,1019.50,968.28,14.39,205,214,1.21,2.57
2025-07-29 02:30,1.17,0.00,0.00,0.00,0.00,0.00,14.24,0.00,0.00,2.74,0.00,88,1019.48,968.30,14.31,206,215,1.19,2.55
2025-07-29 02:45,1.17,0.00,0.00,0.00,0.00,0.00,14.17,0.00,0.00,2.73,0.00,89,1019.45,968.31,14.23,208,216,1.18,2.52
2025-07-29 03:00,1.17,0.00,0.00,0.00,0.00,0.00,14.10,0.00,0.00,2.73,0.00,89,1019.43,968.31,14.15,209,218,1.16,2.49
2025-07-29 03:15,1.17,0.00,0.00,0.00,0.00,0.00,14.06,0.00,0.00,2.80,0.00,90,1019.41,968.27,14.11,213,220,1.16,2.48
2025-07-29 03:30,1.17,0.00,0.00,0.00,0.00,0.00,14.01,0.00,0.00,2.90,0.01,90,1019.39,968.20,14.07,218,224,1.16,2.46
2025-07-29 03:45,1.17,0.00,0.00,0.00,0.00,0.00,13.97,0.00,0.00,2.98,0.01,90,1019.37,968.14,14.03,223,228,1.16,2.44
2025-07-29 04:00,1.17,0.00,0.00,0.00,0.00,0.00,13.93,0.00,0.00,3.00,0.02,90,1019.35,968.11,13.99,225,229,1.16,2.42
2025-07-29 04:15,1.17,0.00,0.00,0.00,0.00,0.00,13.95,0.00,0.00,2.94,0.02,90,1019.33,968.16,13.99,223,228,1.16,2.38
2025-07-29 04:30,1.17,0.00,0.00,0.00,0.00,0.00,13.97,0.00,0.00,2.83,0.02,90,1019.30,968.25,14.00,219,226,1.15,2.34
2025-07-29 04:45,1.17,0.00,0.00,0.00,0.00,0.00,13.98,0.00,0.00,2.70,0.02,90,1019.28,968.32,14.01,213,222,1.15,2.29
2025-07-29 05:00,1.17,0.00,0.00,0.00,0.00,0.00,14.00,0.00,0.00,2.61,0.03,90,1019.26,968.31,14.02,209,218,1.14,2.25
2025-07-29 05:15,1.17,0.00,0.00,0.00,0.00,0.00,14.07,0.00,0.00,2.59,0.02,90,1019.29,968.17,14.09,206,215,1.15,2.26
2025-07-29 05:30,1.17,0.00,0.00,0.00,0.00,0.00,14.14,0.00,0.00,2.59,0.02,90,1019.32,967.93,14.16,203,212,1.15,2.29
2025-07-29 05:45,1.17,0.00,0.00,0.00,0.00,0.00,14.21,0.00,0.00,2.61,0.02,90,1019.35,967.69,14.23,202,209,1.16,2.31
2025-07-29 06:00,1.17,0.00,0.00,0.00,0.00,0.00,14.28,0.00,0.00,2.64,0.02,89,1019.38,967.50,14.30,202,208,1.17,2.31
2025-07-29 06:15,1.17,5.39,3.17,1.23,14.10,31.24,14.38,4.40,20.65,2.67,0.02,89,1019.41,967.39,14.40,207,212,1.17,2.26
2025-07-29 06:30,1.17,21.36,12.71,5.09,58.44,84.35,14.48,17.80,107.64,2.69,0.01,88,1019.43,967.31,14.50,216,218,1.18,2.19
2025-07-29 06:45,1.17,46.31,27.10,11.26,107.91,138.43,14.58,38.36,169.40,2.70,0.01,88,1019.46,967.27,14.60,224,225,1.19,2.10
2025-07-29 07:00,1.17,77.45,44.32,19.09,131.03,193.26,14.67,63.41,216.93,2.74,0.01,87,1019.49,967.29,14.70,228,229,1.19,2.01
2025-07-29 07:15,1.17,112.65,60.90,27.20,145.16,248.61,14.79,88.10,250.84,2.88,0.00,86,1019.52,967.42,14.83,227,228,1.21,1.93
2025-07-29 07:30,1.17,150.56,76.57,35.49,154.77,304.23,14.92,112.05,277.24,3.08,0.00,86,1019.55,967.63,14.95,223,225,1.22,1.83
2025-07-29 07:45,1.17,190.28,90.65,43.63,160.84,359.89,15.04,134.28,297.09,3.29,0.00,85,1019.58,967.84,15.07,219,220,1.23,1.74
2025-07-29 08:00,1.17,231.16,102.76,51.38,164.13,415.34,15.16,154.14,311.20,3.45,0.00,85,1019.61,967.99,15.19,217,217,1.25,1.67
2025-07-29 08:15,1.17,272.69,126.48,68.97,194.54,470.36,15.30,195.45,369.79,3.54,0.00,84,1019.58,968.04,15.34,241,228,1.26,1.47
2025-07-29 08:30,1.17,314.47,141.26,83.86,212.06,524.70,15.44,225.13,402.01,3.66,0.00,83,1019.55,968.03,15.49,244,231,1.26,1.41
2025-07-29 08:45,1.17,356.14,154.74,99.88,229.22,578.14,15.58,254.62,432.17,3.79,0.00,83,1019.52,968.00,15.63,247,236,1.27,1.36
2025-07-29 09:00,1.17,397.40,166.77,116.93,246.10,630.44,15.72,283.71,460.29,3.92,0.00,82,1019.48,967.98,15.78,251,240,1.28,1.33
2025-07-29 09:15,1.17,437.96,175.76,133.77,260.49,681.38,15.90,309.53,482.16,4.07,0.01,81,1019.45,967.98,15.96,255,246,1.30,1.32
2025-07-29 09:30,1.17,477.57,183.00,151.12,274.39,730.74,16.08,334.12,501.60,4.22,0.01,80,1019.42,967.99,16.14,259,251,1.31,1.32
2025-07-29 09:45,1.16,516.00,188.44,168.83,287.81,778.30,16.25,357.27,518.57,4.37,0.01,79,1019.39,967.99,16.32,263,256,1.33,1.32
2025-07-29 10:00,1.16,553.03,192.13,186.76,300.77,823.88,16.43,378.89,533.18,4.50,0.01,78,1019.36,967.97,16.51,267,260,1.34,1.33
2025-07-29 10:15,1.16,588.44,196.92,207.78,317.88,867.26,16.63,404.69,578.47,4.64,0.01,77,1019.33,967.89,16.73,269,264,1.37,1.38
2025-07-29 10:30,1.16,622.05,200.09,229.33,335.01,908.27,16.83,429.42,596.14,4.77,0.02,76,1019.29,967.79,16.95,271,267,1.40,1.43
2025-07-29 10:45,1.16,653.69,201.65,251.29,352.18,946.73,17.04,452.95,611.96,4.89,0.02,75,1019.26,967.69,17.17,272,269,1.43,1.48
2025-07-29 11:00,1.16,683.18,201.61,273.52,369.40,982.47,17.24,475.13,626.00,4.98,0.02,74,1019.23,967.65,17.39,273,271,1.45,1.52
2025-07-29 11:15,1.16,710.37,207.45,285.78,373.45,1015.34,17.46,493.23,633.33,5.06,0.02,73,1019.12,967.68,17.64,273,272,1.49,1.57
2025-07-29 11:30,1.16,735.13,212.45,297.12,377.19,1045.20,17.67,509.57,639.44,5.11,0.02,72,1019.01,967.78,17.88,272,272,1.52,1.61
2025-07-29 11:45,1.16,757.33,216.59,307.49,380.62,1071.92,17.89,524.08,644.41,5.14,0.01,71,1018.90,967.87,18.12,271,272,1.56,1.65
2025-07-29 12:00,1.16,776.86,219.87,316.82,383.77,1095.38,18.10,536.69,648.35,5.17,0.01,70,1018.79,967.93,18.37,270,272,1.59,1.68
2025-07-29 12:15,1.16,793.63,221.43,323.81,385.16,1115.49,18.29,545.24,648.88,5.21,0.01,68,1018.68,967.93,18.61,269,272,1.64,1.72
2025-07-29 12:30,1.15,807.55,222.11,329.60,386.28,1132.16,18.49,551.70,648.51,5.32,0.01,67,1018.58,967.90,18.85,269,271,1.68,1.83
2025-07-29 12:45,1.15,818.54,221.93,334.15,387.12,1145.32,18.70,556.08,647.34,5.42,0.01,66,1018.47,967.85,19.09,268,270,1.73,1.95
2025-07-29 13:00,1.15,826.57,220.91,337.45,387.70,1154.90,18.91,558.37,645.45,5.52,0.01,65,1018.36,967.81,19.33,267,270,1.78,2.06
2025-07-29 13:15,1.15,831.57,221.75,343.63,392.76,1160.88,19.13,565.38,650.62,5.62,0.00,64,1018.25,967.78,19.54,266,269,1.81,2.17
2025-07-29 13:30,1.15,833.54,221.78,348.58,397.62,1163.22,19.34,570.36,655.22,5.70,0.00,63,1018.14,967.75,19.75,265,269,1.85,2.26
2025-07-29 13:45,1.15,832.47,220.98,352.27,402.29,1161.91,19.53,573.26,659.26,5.77,0.00,62,1018.03,967.72,19.96,265,268,1.89,2.33
2025-07-29 14:00,1.15,828.35,219.38,354.66,406.74,1156.96,19.71,574.04,662.75,5.82,0.00,61,1017.92,967.70,20.16,264,268,1.92,2.39
2025-07-29 14:15,1.15,821.20,218.27,353.39,408.31,1148.39,19.82,571.66,664.36,5.86,0.00,60,1017.82,967.69,20.32,263,268,1.95,2.43
2025-07-29 14:30,1.15,811.07,216.35,350.79,409.65,1136.23,19.91,567.15,665.32,5.89,0.00,59,1017.72,967.70,20.48,262,267,1.98,2.45
2025-07-29 14:45,1.15,798.00,213.62,346.88,410.76,1120.54,19.99,560.50,665.57,5.91,0.00,58,1017.62,967.71,20.64,261,267,2.01,2.47
2025-07-29 15:00,1.15,782.05,210.10,341.66,411.61,1101.39,20.06,551.76,665.03,5.95,0.00,57,1017.52,967.69,20.80,261,266,2.04,2.47
2025-07-29 15:15,1.15,763.30,207.30,337.61,415.23,1078.85,20.06,544.91,668.40,6.01,0.00,57,1017.42,967.63,20.85,260,266,2.05,2.46
2025-07-29 15:30,1.15,741.84,203.65,332.15,418.54,1053.02,20.09,535.80,670.73,6.08,0.00,57,1017.33,967.55,20.91,259,265,2.05,2.45
2025-07-29 15:45,1.15,717.79,199.15,325.29,421.50,1024.02,20.13,524.44,671.93,6.15,0.00,56,1017.23,967.46,20.96,258,265,2.06,2.43
2025-07-29 16:00,1.15,691.26,193.82,317.04,424.10,991.96,20.17,510.86,671.91,6.19,0.00,56,1017.13,967.38,21.02,257,264,2.07,2.41
2025-07-29 16:15,1.15,662.39,188.94,309.51,429.16,956.99,20.13,498.45,674.96,6.21,0.00,56,1017.03,967.33,20.98,257,263,2.05,2.39
2025-07-29 16:30,1.15,631.32,183.15,300.46,433.70,919.24,20.09,483.60,676.45,6.21,0.00,56,1016.93,967.29,20.93,256,263,2.04,2.37
2025-07-29 16:45,1.15,598.21,176.45,289.89,437.66,878.90,20.05,466.33,676.23,6.19,0.00,56,1016.83,967.24,20.89,256,262,2.03,2.35
2025-07-29 17:00,1.15,563.25,168.87,277.84,440.93,836.11,20.02,446.70,674.18,6.18,0.00,57,1016.73,967.18,20.85,255,262,2.02,2.33
2025-07-29 17:15,1.15,526.60,164.03,256.23,429.79,791.08,19.90,420.26,660.52,6.15,0.00,57,1016.75,967.08,20.72,255,261,2.00,2.30
2025-07-29 17:30,1.15,488.49,157.90,234.37,418.00,743.99,19.77,392.27,644.55,6.13,0.00,57,1016.77,966.96,20.59,254,261,1.98,2.28
2025-07-29 17:45,1.15,449.12,150.52,212.41,405.51,695.05,19.65,362.92,626.20,6.14,0.00,58,1016.79,966.85,20.46,254,261,1.96,2.29
2025-07-29 18:00,1.15,408.72,141.89,190.47,392.18,644.45,19.53,332.36,605.33,6.17,0.00,58,1016.81,966.79,20.33,253,261,1.95,2.31
2025-07-29 18:15,1.15,367.56,132.68,169.52,379.70,592.43,19.37,302.21,584.50,6.22,0.00,59,1016.83,966.80,20.16,253,260,1.95,2.36
2025-07-29 18:30,1.15,325.89,122.23,148.69,365.93,539.20,19.21,270.92,560.65,6.28,0.00,59,1016.85,966.86,20.00,252,260,1.95,2.41
2025-07-29 18:45,1.15,284.02,110.60,128.15,350.64,484.99,19.04,238.75,533.63,6.33,0.00,60,1016.88,966.94,19.83,251,260,1.96,2.46
2025-07-29 19:00,1.15,242.29,97.88,108.07,333.46,430.03,18.88,205.95,503.14,6.36,0.00,61,1016.90,967.00,19.67,250,259,1.96,2.52
2025-07-29 19:15,1.15,201.10,83.67,88.04,311.89,374.55,18.71,171.71,465.94,6.34,0.00,62,1016.92,967.04,19.48,250,259,1.94,2.54
2025-07-29 19:30,1.15,160.91,68.93,69.13,287.75,318.80,18.54,138.06,425.02,6.29,0.00,62,1016.94,967.07,19.29,249,258,1.92,2.56
2025-07-29 19:45,1.15,122.34,53.96,51.59,260.28,263.02,18.38,105.55,379.71,6.23,0.00,63,1016.96,967.09,19.10,248,257,1.89,2.58
2025-07-29 20:00,1.15,86.22,39.17,35.71,228.41,207.43,18.21,74.88,329.01,6.13,0.00,64,1016.98,967.12,18.92,247,256,1.87,2.60
2025-07-29 20:15,1.15,53.77,26.51,22.13,192.86,152.29,18.08,48.64,276.97,5.93,0.00,65,1017.05,967.14,18.74,245,254,1.81,2.57
2025-07-29 20:30,1.15,26.91,14.39,11.05,126.73,97.82,17.95,25.43,196.85,5.69,0.00,65,1017.13,967.17,18.56,243,251,1.74,2.54
2025-07-29 20:45,1.16,8.44,4.94,3.50,40.14,44.25,17.82,8.44,60.02,5.41,0.00,66,1017.20,967.20,18.38,240,249,1.67,2.52
2025-07-29 21:00,1.16,0.00,0.00,0.00,0.00,0.00,17.68,0.00,0.00,5.11,0.00,67,1017.28,967.23,18.20,236,246,1.61,2.48
2025-07-29 21:15,1.16,0.00,0.00,0.00,0.00,0.00,17.56,0.00,0.00,4.83,0.00,68,1017.35,967.26,18.05,232,243,1.57,2.47
2025-07-29 21:30,1.16,0.00,0.00,0.00,0.00,0.00,17.43,0.00,0.00,4.54,0.00,68,1017.43,967.28,17.90,227,239,1.54,2.44
2025-07-29 21:45,1.16,0.00,0.00,0.00,0.00,0.00,17.30,0.00,0.00,4.24,0.00,69,1017.50,967.31,17.75,222,236,1.50,2.40
2025-07-29 22:00,1.16,0.00,0.00,0.00,0.00,0.00,17.17,0.00,0.00,3.93,0.00,70,1017.57,967.34,17.59,218,233,1.47,2.36
2025-07-29 22:15,1.16,0.00,0.00,0.00,0.00,0.00,17.07,0.00,0.00,3.65,0.00,70,1017.65,967.39,17.47,214,230,1.46,2.34
2025-07-29 22:30,1.16,0.00,0.00,0.00,0.00,0.00,16.96,0.00,0.00,3.38,0.00,71,1017.72,967.45,17.35,211,228,1.44,2.32
2025-07-29 22:45,1.16,0.00,0.00,0.00,0.00,0.00,16.85,0.00,0.00,3.16,0.00,71,1017.80,967.50,17.23,208,225,1.43,2.30
2025-07-29 23:00,1.16,0.00,0.00,0.00,0.00,0.00,16.74,0.00,0.00,3.02,0.00,72,1017.87,967.55,17.11,206,223,1.41,2.27
2025-07-29 23:15,1.16,0.00,0.00,0.00,0.00,0.00,16.65,0.00,0.00,2.97,0.00,73,1017.86,967.60,16.99,204,222,1.40,2.24
2025-07-29 23:30,1.16,0.00,0.00,0.00,0.00,0.00,16.55,0.00,0.00,3.00,0.00,73,1017.85,967.64,16.88,203,220,1.38,2.21
2025-07-29 23:45,1.16,0.00,0.00,0.00,0.00,0.00,16.45,0.00,0.00,3.06,0.00,74,1017.84,967.67,16.77,201,219,1.36,2.18
2025-07-30 00:00,1.16,0.00,0.00,0.00,0.00,0.00,16.35,0.00,0.00,3.14,0.00,74,1017.83,967.66,16.66,200,218,1.35,2.15
2025-07-30 00:15,1.16,0.00,0.00,0.00,0.00,0.00,16.23,0.00,0.00,3.25,0.00,75,1017.82,967.59,16.54,199,216,1.34,2.14
2025-07-30 00:30,1.16,0.00,0.00,0.00,0.00,0.00,16.12,0.00,0.00,3.37,0.00,75,1017.82,967.48,16.41,198,215,1.33,2.13
2025-07-30 00:45,1.16,0.00,0.00,0.00,0.00,0.00,16.00,0.00,0.00,3.49,0.00,76,1017.81,967.36,16.29,197,215,1.32,2.12
2025-07-30 01:00,1.16,0.00,0.00,0.00,0.00,0.00,15.88,0.00,0.00,3.59,0.00,76,1017.80,967.27,16.17,196,214,1.31,2.11
2025-07-30 01:15,1.17,0.00,0.00,0.00,0.00,0.00,15.76,0.00,0.00,3.69,0.00,77,1017.79,967.22,16.04,195,213,1.31,2.11
2025-07-30 01:30,1.17,0.00,0.00,0.00,0.00,0.00,15.64,0.00,0.00,3.76,0.00,78,1017.78,967.19,15.92,194,213,1.30,2.11
2025-07-30 01:45,1.17,0.00,0.00,0.00,0.00,0.00,15.52,0.00,0.00,3.82,0.00,78,1017.77,967.18,15.79,193,213,1.29,2.12
2025-07-30 02:00,1.17,0.00,0.00,0.00,0.00,0.00,15.39,0.00,0.00,3.85,0.00,79,1017.76,967.18,15.67,193,212,1.29,2.13
2025-07-30 02:15,1.17,0.00,0.00,0.00,0.00,0.00,15.27,0.00,0.00,3.86,0.00,79,1017.72,967.20,15.56,193,213,1.31,2.15
2025-07-30 02:30,1.17,0.00,0.00,0.00,0.00,0.00,15.15,0.00,0.00,3.88,0.00,80,1017.67,967.26,15.46,194,213,1.33,2.19
2025-07-30 02:45,1.17,0.00,0.00,0.00,0.00,0.00,15.03,0.00,0.00,3.88,0.00,80,1017.63,967.30,15.35,195,213,1.34,2.25
2025-07-30 03:00,1.17,0.00,0.00,0.00,0.00,0.00,14.91,0.00,0.00,3.83,0.00,81,1017.59,967.28,15.25,196,214,1.36,2.30
2025-07-30 03:15,1.17,0.00,0.00,0.00,0.00,0.00,14.86,0.00,0.00,3.66,0.00,81,1017.55,967.19,15.20,197,214,1.37,2.33
2025-07-30 03:30,1.17,0.00,0.00,0.00,0.00,0.00,14.81,0.00,0.00,3.41,0.00,81,1017.51,967.05,15.16,199,215,1.37,2.35
2025-07-30 03:45,1.17,0.00,0.00,0.00,0.00,0.00,14.76,0.00,0.00,3.18,0.00,81,1017.46,966.90,15.12,200,216,1.38,2.38
2025-07-30 04:00,1.17,0.00,0.00,0.00,0.00,0.00,14.71,0.00,0.00,3.02,0.00,82,1017.42,966.79,15.07,202,217,1.39,2.40
2025-07-30 04:15,1.17,0.00,0.00,0.00,0.00,0.00,14.73,0.00,0.00,2.96,0.00,82,1017.38,966.73,15.09,204,217,1.39,2.42
2025-07-30 04:30,1.17,0.00,0.00,0.00,0.00,0.00,14.76,0.00,0.00,2.96,0.00,82,1017.34,966.70,15.11,205,218,1.40,2.43
2025-07-30 04:45,1.17,0.00,0.00,0.00,0.00,0.00,14.78,0.00,0.00,3.01,0.00,82,1017.29,966.69,15.13,206,219,1.40,2.44
2025-07-30 05:00,1.17,0.00,0.00,0.00,0.00,0.00,14.80,0.00,0.00,3.09,0.00,82,1017.25,966.68,15.15,208,220,1.40,2.45
2025-07-30 05:15,1.17,0.00,0.00,0.00,0.00,0.00,14.91,0.00,0.00,3.20,0.00,81,1017.30,966.67,15.24,210,221,1.39,2.43
2025-07-30 05:30,1.17,0.00,0.00,0.00,0.00,0.00,15.02,0.00,0.00,3.34,0.00,81,1017.35,966.66,15.32,212,221,1.38,2.42
2025-07-30 05:45,1.17,0.00,0.00,0.00,0.00,0.00,15.13,0.00,0.00,3.46,0.00,81,1017.41,966.66,15.41,213,222,1.37,2.39
2025-07-30 06:00,1.17,0.00,0.00,0.00,0.00,0.00,15.24,0.00,0.00,3.50,0.00,81,1017.46,966.68,15.50,215,222,1.36,2.35
2025-07-30 06:15,1.17,4.53,2.84,0.52,5.98,27.02,15.37,3.36,8.21,3.46,0.00,80,1017.51,966.70,15.63,216,222,1.37,2.31
2025-07-30 06:30,1.17,19.79,12.82,2.13,24.49,80.22,15.50,14.96,41.29,3.37,0.00,80,1017.57,966.73,15.76,218,223,1.38,2.28
2025-07-30 06:45,1.17,44.22,28.64,4.25,41.93,134.39,15.64,32.89,87.68,3.28,0.00,79,1017.62,966.79,15.90,220,224,1.39,2.26
2025-07-30 07:00,1.16,75.08,48.30,6.23,43.67,189.32,15.77,54.53,98.99,3.22,0.00,79,1017.67,966.87,16.03,222,225,1.41,2.25
2025-07-30 07:15,1.16,110.13,69.24,7.51,40.74,244.76,15.93,76.75,121.59,3.19,0.00,78,1017.72,967.00,16.21,223,226,1.44,2.25
2025-07-30 07:30,1.16,147.96,90.75,7.87,34.75,300.47,16.09,98.61,139.45,3.18,0.00,77,1017.77,967.18,16.38,225,228,1.47,2.25
2025-07-30 07:45,1.16,187.65,112.13,7.11,26.48,356.23,16.25,119.24,153.05,3.20,0.00,76,1017.83,967.34,16.56,227,230,1.51,2.27
2025-07-30 08:00,1.16,228.53,132.90,5.11,16.47,411.78,16.41,138.02,139.75,3.30,0.00,76,1017.88,967.46,16.73,229,233,1.54,2.30
2025-07-30 08:15,1.16,270.08,154.18,8.74,24.84,466.88,16.56,162.92,167.13,3.49,0.00,75,1017.89,967.50,16.93,233,237,1.61,2.36
2025-07-30 08:30,1.16,311.89,174.65,13.23,33.69,521.32,16.72,187.88,220.29,3.75,0.00,74,1017.90,967.49,17.13,236,241,1.68,2.45
2025-07-30 08:45,1.16,353.61,194.09,18.59,42.91,574.84,16.87,212.68,247.61,4.05,0.00,73,1017.91,967.47,17.33,240,245,1.75,2.56
2025-07-30 09:00,1.16,394.91,212.35,24.79,52.46,627.22,17.03,237.14,273.91,4.34,0.00,72,1017.92,967.44,17.54,244,249,1.82,2.71
2025-07-30 09:15,1.16,435.53,230.97,32.06,62.73,678.24,17.19,263.03,301.85,4.61,0.00,71,1017.93,967.43,17.76,248,253,1.93,2.88
2025-07-30 09:30,1.16,475.20,248.36,40.23,73.38,727.68,17.35,288.60,328.92,4.87,0.00,70,1017.95,967.40,17.99,251,257,2.03,3.06
2025-07-30 09:45,1.16,513.68,264.39,49.29,84.38,775.33,17.51,313.68,355.01,5.13,0.00,69,1017.96,967.37,18.21,254,260,2.13,3.26
2025-07-30 10:00,1.16,550.75,278.97,59.20,95.70,820.97,17.67,338.17,380.04,5.41,0.00,68,1017.97,967.33,18.44,257,263,2.24,3.46
2025-07-30 10:15,1.15,586.22,293.38,70.24,107.85,864.42,17.83,363.62,406.08,5.70,0.00,67,1017.98,967.25,18.68,259,265,2.34,3.66
2025-07-30 10:30,1.15,619.88,306.24,82.15,120.40,905.49,18.00,388.39,452.94,5.98,0.00,67,1017.99,967.15,18.91,261,267,2.44,3.85
2025-07-30 10:45,1.15,651.55,317.47,94.85,133.35,944.00,18.17,412.31,475.95,6.26,0.00,66,1018.00,967.06,19.15,262,269,2.54,4.01
2025-07-30 11:00,1.15,681.08,326.97,108.28,146.68,979.79,18.34,435.26,497.59,6.55,0.00,65,1018.01,967.01,19.39,263,270,2.64,4.14
2025-07-30 11:15,1.15,708.31,338.92,115.72,151.66,1012.71,18.53,454.64,513.61,6.88,0.00,64,1018.00,967.02,19.60,264,271,2.69,4.25
2025-07-30 11:30,1.15,733.10,349.61,122.99,156.57,1042.60,18.71,472.60,528.27,7.26,0.00,63,1017.98,967.07,19.82,264,272,2.75,4.34
2025-07-30 11:45,1.15,755.33,359.00,130.04,161.40,1069.36,18.89,489.05,541.54,7.67,0.00,62,1017.97,967.13,20.03,265,273,2.80,4.42
2025-07-30 12:00,1.15,774.88,367.05,136.82,166.15,1092.85,19.08,503.87,553.41,8.07,0.00,62,1017.95,967.19,20.25,265,274,2.86,4.48
2025-07-30 12:15,1.15,791.66,370.50,142.02,169.36,1112.98,19.25,512.52,558.91,8.46,0.02,61,1017.94,967.25,20.42,266,274,2.87,4.53
2025-07-30 12:30,1.15,805.58,372.48,146.75,172.42,1129.67,19.42,519.23,562.92,8.83,0.04,61,1017.92,967.31,20.59,266,275,2.89,4.57
2025-07-30 12:45,1.15,816.58,373.02,150.97,175.33,1142.83,19.60,523.99,565.49,9.18,0.08,60,1017.91,967.36,20.77,266,275,2.90,4.60
2025-07-30 13:00,1.15,824.60,372.13,154.64,178.10,1152.42,19.77,526.78,566.66,9.49,0.15,60,1017.90,967.38,20.94,267,276,2.92,4.63
2025-07-30 13:15,1.15,829.60,369.08,157.40,180.34,1158.39,19.91,526.47,565.25,9.73,0.27,59,1017.88,967.36,21.06,267,276,2.92,4.64
2025-07-30 13:30,1.14,831.55,364.68,159.53,182.41,1160.72,20.06,524.21,562.52,9.91,0.43,59,1017.87,967.31,21.18,267,276,2.92,4.65
2025-07-30 13:45,1.14,830.46,358.99,161.02,184.32,1159.40,20.20,520.01,558.53,10.03,0.58,59,1017.85,967.25,21.31,268,277,2.92,4.66
2025-07-30 14:00,1.14,826.31,352.08,161.84,186.07,1154.42,20.35,513.93,553.31,10.12,0.70,59,1017.84,967.17,21.43,268,277,2.92,4.67
2025-07-30 14:15,1.14,819.13,346.60,156.90,181.74,1145.82,20.41,503.50,543.66,10.19,0.78,59,1017.85,967.08,21.47,268,277,2.92,4.67
2025-07-30 14:30,1.14,808.96,339.93,151.43,177.29,1133.63,20.47,491.36,532.82,10.24,0.83,59,1017.86,966.98,21.51,268,278,2.91,4.68
2025-07-30 14:45,1.14,795.85,332.12,145.48,172.72,1117.90,20.52,477.60,520.79,10.24,0.85,59,1017.87,966.87,21.54,268,278,2.90,4.70
2025-07-30 15:00,1.14,779.85,323.22,139.11,168.05,1098.70,20.58,462.33,507.61,10.19,0.80,59,1017.88,966.77,21.58,268,279,2.89,4.70
2025-07-30 15:15,1.14,761.05,314.37,132.83,163.82,1076.11,20.56,447.20,495.03,10.09,0.64,59,1017.89,966.66,21.54,269,280,2.88,4.71
2025-07-30 15:30,1.14,739.55,304.51,126.18,159.46,1050.23,20.54,430.69,481.28,9.95,0.41,60,1017.90,966.54,21.49,270,280,2.87,4.70
2025-07-30 15:45,1.14,715.44,293.67,119.23,154.97,1021.16,20.52,412.91,466.39,9.79,0.16,60,1017.91,966.44,21.44,271,281,2.87,4.68
2025-07-30 16:00,1.14,688.85,281.94,112.03,150.34,989.04,20.50,393.97,450.40,9.60,0.00,61,1017.92,966.37,21.39,271,281,2.86,4.64
2025-07-30 16:15,1.14,659.92,267.49,103.90,144.55,953.99,20.43,371.39,430.22,9.40,0.00,61,1017.93,966.35,21.27,272,281,2.81,4.58
2025-07-30 16:30,1.14,628.79,252.40,95.71,138.65,916.17,20.36,348.11,409.18,9.18,0.00,62,1017.94,966.37,21.15,273,281,2.77,4.49
2025-07-30 16:45,1.14,595.62,236.79,87.53,132.66,875.75,20.29,324.32,387.39,8.95,0.00,63,1017.95,966.39,21.03,273,280,2.72,4.38
2025-07-30 17:00,1.14,560.60,220.72,79.41,126.55,832.88,20.22,300.13,364.90,8.75,0.00,63,1017.96,966.38,20.91,273,279,2.68,4.24
2025-07-30 17:15,1.15,523.90,207.98,70.18,118.25,787.76,20.11,278.16,344.04,8.55,0.00,64,1017.99,966.31,20.75,273,278,2.62,4.05
2025-07-30 17:30,1.15,485.72,194.55,61.21,109.70,740.59,20.01,255.76,322.17,8.34,0.00,65,1018.03,966.21,20.60,271,275,2.57,3.81
2025-07-30 17:45,1.15,446.30,180.47,52.56,100.88,691.55,19.91,233.03,299.34,8.11,0.00,66,1018.06,966.12,20.45,269,272,2.52,3.54
2025-07-30 18:00,1.15,405.85,165.81,44.33,91.82,640.86,19.80,210.15,275.63,7.86,0.00,66,1018.10,966.09,20.30,266,268,2.47,3.26
2025-07-30 18:15,1.15,364.64,152.44,37.03,83.49,588.75,19.68,189.48,231.69,7.58,0.21,67,1018.13,966.11,20.12,262,263,2.40,2.98
2025-07-30 18:30,1.15,322.93,138.27,30.13,74.70,535.42,19.55,168.40,209.44,7.33,0.52,68,1018.16,966.19,19.95,257,256,2.34,2.76
2025-07-30 18:45,1.15,281.03,123.37,23.73,65.47,481.11,19.43,147.10,186.10,7.17,0.80,69,1018.20,966.29,19.78,252,248,2.28,2.67
2025-07-30 19:00,1.15,239.29,107.82,17.91,55.81,426.05,19.31,125.73,161.65,6.97,0.93,69,1018.23,966.40,19.61,246,239,2.22,2.61
2025-07-30 19:15,1.15,198.10,91.10,12.69,45.47,370.48,19.17,103.79,134.89,6.76,0.80,70,1018.27,966.55,19.43,239,230,2.16,2.60
2025-07-30 19:30,1.15,157.96,74.24,8.30,35.02,314.64,19.03,82.54,107.55,6.52,0.52,71,1018.30,966.73,19.26,233,222,2.11,2.62
2025-07-30 19:45,1.15,119.47,57.50,4.81,24.68,258.76,18.90,62.31,79.91,6.27,0.21,72,1018.34,966.90,19.09,228,215,2.06,2.65
2025-07-30 20:00,1.15,83.51,41.26,2.26,14.78,203.08,18.76,43.52,52.46,6.01,0.00,73,1018.37,967.02,18.91,224,209,2.01,2.68
2025-07-30 20:15,1.15,51.35,26.89,1.41,12.69,147.84,18.64,28.31,34.55,5.79,0.00,73,1018.47,967.04,18.78,220,206,1.99,2.74
2025-07-30 20:30,1.15,24.99,13.91,0.70,7.99,93.28,18.51,14.61,16.05,5.56,0.00,74,1018.56,967.00,18.64,218,204,1.97,2.80
2025-07-30 20:45,1.15,7.29,4.38,0.21,2.38,39.63,18.38,4.59,4.82,5.35,0.00,74,1018.66,966.94,18.50,215,202,1.95,2.85
2025-07-30 21:00,1.16,0.00,0.00,0.00,0.00,0.00,18.26,0.00,0.00,5.17,0.00,75,1018.76,966.93,18.36,214,201,1.93,2.89
2025-07-30 21:15,1.16,0.00,0.00,0.00,0.00,0.00,18.16,0.00,0.00,5.06,0.00,75,1018.85,966.96,18.26,212,201,1.92,2.93
2025-07-30 21:30,1.16,0.00,0.00,0.00,0.00,0.00,18.06,0.00,0.00,4.97,0.00,76,1018.95,967.02,18.16,210,202,1.91,2.96
2025-07-30 21:45,1.16,0.00,0.00,0.00,0.00,0.00,17.96,0.00,0.00,4.90,0.00,76,1019.05,967.09,18.06,209,202,1.90,2.99
2025-07-30 22:00,1.16,0.00,0.00,0.00,0.00,0.00,17.86,0.00,0.00,4.86,0.00,77,1019.14,967.13,17.96,208,203,1.89,3.05
2025-07-30 22:15,1.16,0.00,0.00,0.00,0.00,0.00,17.79,0.00,0.00,4.78,0.00,77,1019.24,967.14,17.90,207,203,1.90,3.10
2025-07-30 22:30,1.16,0.00,0.00,0.00,0.00,0.00,17.71,0.00,0.00,4.68,0.00,77,1019.34,967.14,17.83,207,204,1.91,3.13
2025-07-30 22:45,1.16,0.00,0.00,0.00,0.00,0.00,17.64,0.00,0.00,4.57,0.00,77,1019.43,967.13,17.76,207,204,1.91,3.16
2025-07-30 23:00,1.16,0.00,0.00,0.00,0.00,0.00,17.56,0.00,0.00,4.45,0.00,78,1019.53,967.14,17.70,206,204,1.92,3.17
2025-07-30 23:15,1.16,0.00,0.00,0.00,0.00,0.00,17.50,0.00,0.00,4.33,0.00,78,1019.54,967.18,17.63,206,204,1.90,3.16
2025-07-30 23:30,1.16,0.00,0.00,0.00,0.00,0.00,17.43,0.00,0.00,4.19,0.00,78,1019.55,967.24,17.57,206,205,1.89,3.14
2025-07-30 23:45,1.16,0.00,0.00,0.00,0.00,0.00,17.37,0.00,0.00,4.06,0.00,78,1019.56,967.30,17.50,206,205,1.88,3.09
2025-07-31 00:00,1.16,0.00,0.00,0.00,0.00,0.00,17.31,0.00,0.00,3.97,0.14,78,1019.56,967.34,17.44,207,205,1.86,3.08
2025-07-31 00:15,1.16,0.00,0.00,0.00,0.00,0.00,17.21,0.00,0.00,3.89,0.13,79,1019.57,967.40,17.34,207,205,1.85,3.07
2025-07-31 00:30,1.16,0.00,0.00,0.00,0.00,0.00,17.10,0.00,0.00,3.83,0.13,79,1019.58,967.46,17.23,207,205,1.83,3.05
2025-07-31 00:45,1.16,0.00,0.00,0.00,0.00,0.00,17.00,0.00,0.00,3.77,0.13,80,1019.59,967.49,17.13,208,206,1.82,3.04
2025-07-31 01:00,1.16,0.00,0.00,0.00,0.00,0.00,16.90,0.00,0.00,3.71,0.12,80,1019.60,967.45,17.03,208,206,1.81,3.02
2025-07-31 01:15,1.16,0.00,0.00,0.00,0.00,0.00,16.78,0.00,0.00,3.62,0.12,80,1019.60,967.30,16.90,209,207,1.78,3.00
2025-07-31 01:30,1.16,0.00,0.00,0.00,0.00,0.00,16.67,0.00,0.00,3.53,0.11,81,1019.61,967.07,16.78,209,207,1.75,2.97
2025-07-31 01:45,1.16,0.00,0.00,0.00,0.00,0.00,16.55,0.00,0.00,3.45,0.11,81,1019.62,966.83,16.65,210,208,1.73,2.95
2025-07-31 02:00,1.16,0.00,0.00,0.00,0.00,0.00,16.44,0.00,0.00,3.38,0.10,82,1019.63,966.66,16.53,210,209,1.70,2.92
2025-07-31 02:15,1.16,0.00,0.00,0.00,0.00,0.00,16.30,0.00,0.00,4.70,0.09,83,1019.59,966.59,16.40,213,212,1.72,2.93
2025-07-31 02:30,1.16,0.00,0.00,0.00,0.00,0.00,16.16,0.00,0.00,4.74,0.09,83,1019.55,966.57,16.28,213,214,1.73,2.95
2025-07-31 02:45,1.16,0.00,0.00,0.00,0.00,0.00,16.02,0.00,0.00,4.78,0.08,84,1019.52,966.58,16.15,214,215,1.75,2.97
2025-07-31 03:00,1.16,0.00,0.00,0.00,0.00,0.00,15.88,0.00,0.00,4.79,0.07,84,1019.48,966.57,16.03,214,216,1.77,2.98
2025-07-31 03:15,1.16,0.00,0.00,0.00,0.00,0.00,15.82,0.00,0.00,4.76,0.06,85,1019.44,966.53,15.97,215,218,1.77,2.97
2025-07-31 03:30,1.16,0.00,0.00,0.00,0.00,0.00,15.77,0.00,0.00,4.72,0.05,85,1019.40,966.50,15.92,216,219,1.76,2.96
2025-07-31 03:45,1.16,0.00,0.00,0.00,0.00,0.00,15.72,0.00,0.00,4.66,0.05,85,1019.36,966.45,15.86,216,220,1.76,2.95
2025-07-31 04:00,1.16,0.00,0.00,0.00,0.00,0.00,15.67,0.00,0.00,4.57,0.04,86,1019.32,966.37,15.81,217,221,1.76,2.93
2025-07-31 04:15,1.16,0.00,0.00,0.00,0.00,0.00,15.68,0.00,0.00,4.42,0.03,86,1019.28,966.24,15.82,218,222,1.76,2.92
2025-07-31 04:30,1.16,0.00,0.00,0.00,0.00,0.00,15.70,0.00,0.00,4.24,0.02,86,1019.25,966.08,15.83,218,223,1.76,2.90
2025-07-31 04:45,1.16,0.00,0.00,0.00,0.00,0.00,15.72,0.00,0.00,4.07,0.02,86,1019.21,965.91,15.83,219,223,1.75,2.88
2025-07-31 05:00,1.16,0.00,0.00,0.00,0.00,0.00,15.74,0.00,0.00,3.96,0.02,86,1019.17,965.77,15.84,219,224,1.75,2.86
2025-07-31 05:15,1.16,0.00,0.00,0.00,0.00,0.00,15.82,0.00,0.00,3.93,0.02,86,1019.19,965.64,15.90,219,224,1.75,2.84
2025-07-31 05:30,1.16,0.00,0.00,0.00,0.00,0.00,15.90,0.00,0.00,3.95,0.02,86,1019.21,965.51,15.97,218,223,1.75,2.83
2025-07-31 05:45,1.16,0.00,0.00,0.00,0.00,0.00,15.97,0.00,0.00,4.00,0.02,86,1019.22,965.41,16.03,217,222,1.75,2.82
2025-07-31 06:00,1.16,0.00,0.00,0.00,0.00,0.00,16.05,0.00,0.00,4.04,0.02,86,1019.24,965.36,16.09,216,221,1.74,2.80
2025-07-31 06:15,1.16,3.70,1.61,0.36,4.12,22.78,16.17,1.97,7.31,4.05,0.03,85,1019.26,965.36,16.19,214,220,1.74,2.76
2025-07-31 06:30,1.16,18.26,8.26,1.86,21.40,76.07,16.28,10.13,39.82,4.07,0.03,85,1019.28,965.42,16.28,213,218,1.73,2.72
2025-07-31 06:45,1.16,42.15,18.96,4.34,44.18,130.34,16.40,23.30,86.93,4.10,0.04,85,1019.30,965.49,16.38,212,217,1.72,2.67
2025-07-31 07:00,1.16,72.71,32.26,7.47,53.52,185.37,16.51,39.73,95.68,4.14,0.04,84,1019.32,965.55,16.47,211,215,1.71,2.62
2025-07-31 07:15,1.16,107.59,47.56,11.15,61.43,240.90,16.64,58.71,121.93,4.25,0.04,84,1019.33,965.61,16.59,211,214,1.72,2.61
2025-07-31 07:30,1.16,145.34,63.94,15.15,67.76,296.71,16.77,79.08,146.92,4.38,0.05,84,1019.35,965.66,16.71,212,214,1.74,2.58
2025-07-31 07:45,1.16,184.99,80.93,19.36,72.89,352.56,16.90,100.29,170.67,4.52,0.05,83,1019.37,965.71,16.83,214,214,1.75,2.56
2025-07-31 08:00,1.16,225.86,98.23,23.71,77.11,408.20,17.03,121.94,193.31,4.67,0.05,83,1019.39,965.74,16.95,216,215,1.77,2.53
2025-07-31 08:15,1.16,267.42,113.08,30.48,87.33,463.40,17.17,143.57,218.27,4.83,0.05,83,1019.38,965.76,17.09,220,217,1.78,2.50
2025-07-31 08:30,1.16,309.25,127.00,38.05,97.52,517.92,17.32,165.05,242.01,5.01,0.05,82,1019.36,965.76,17.23,224,220,1.80,2.46
2025-07-31 08:45,1.16,351.00,139.83,46.37,107.69,571.53,17.47,186.19,264.49,5.17,0.04,82,1019.35,965.76,17.37,229,224,1.81,2.40
2025-07-31 09:00,1.16,392.34,151.44,55.40,117.85,624.00,17.61,206.83,285.65,5.32,0.04,81,1019.33,965.73,17.51,234,228,1.83,2.34
2025-07-31 09:15,1.16,433.00,163.33,65.73,129.26,675.10,17.77,229.07,308.67,5.44,0.04,81,1019.32,965.70,17.66,238,233,1.85,2.29
2025-07-31 09:30,1.16,472.70,174.04,76.89,140.87,724.62,17.93,250.93,330.65,5.53,0.03,80,1019.30,965.65,17.82,242,237,1.87,2.23
2025-07-31 09:45,1.16,511.23,183.47,88.84,152.70,772.34,18.09,272.31,351.53,5.63,0.03,80,1019.29,965.59,17.97,246,241,1.89,2.19
2025-07-31 10:00,1.15,548.34,191.54,101.51,164.73,818.05,18.25,293.06,371.23,5.86,0.02,79,1019.28,965.52,18.13,249,245,1.92,2.30
2025-07-31 10:15,1.15,583.84,198.75,115.19,177.48,861.57,18.42,313.93,412.41,6.09,0.02,78,1019.26,965.44,18.30,251,248,1.94,2.40
2025-07-31 10:30,1.15,617.54,204.51,129.54,190.51,902.70,18.60,334.05,429.84,6.30,0.01,78,1019.25,965.33,18.48,252,250,1.96,2.50
2025-07-31 10:45,1.15,649.25,208.78,144.52,203.83,941.26,18.78,353.31,445.93,6.49,0.01,77,1019.23,965.25,18.66,254,252,1.99,2.59
2025-07-31 11:00,1.15,678.81,211.54,160.05,217.45,977.10,18.95,371.59,460.67,6.65,0.01,77,1019.22,965.21,18.83,255,254,2.01,2.66
2025-07-31 11:15,1.15,706.07,223.79,163.86,215.37,1010.06,19.15,387.65,470.12,6.79,0.01,76,1019.15,965.25,19.02,255,254,2.02,2.72
2025-07-31 11:30,1.15,730.88,235.63,166.83,212.95,1040.00,19.34,402.46,478.73,6.92,0.00,75,1019.09,965.35,19.20,256,255,2.02,2.77
2025-07-31 11:45,1.15,753.13,247.00,168.93,210.22,1066.79,19.53,415.93,486.49,7.03,0.00,74,1019.02,965.45,19.39,256,255,2.02,2.81
2025-07-31 12:00,1.15,772.70,257.82,170.16,207.19,1090.31,19.73,427.99,493.39,7.12,0.00,74,1018.96,965.50,19.58,256,255,2.03,2.85
2025-07-31 12:15,1.15,789.49,267.89,170.44,203.75,1110.46,19.91,438.32,499.17,7.18,0.00,73,1018.89,965.46,19.77,255,254,2.04,2.88
2025-07-31 12:30,1.15,803.42,277.26,169.85,200.04,1127.16,20.10,447.11,504.07,7.22,0.00,72,1018.83,965.37,19.97,255,254,2.06,2.90
2025-07-31 12:45,1.15,814.43,285.89,168.41,196.06,1140.33,20.28,454.30,508.09,7.24,0.00,71,1018.76,965.27,20.16,255,253,2.07,2.91
2025-07-31 13:00,1.15,822.45,293.70,166.15,191.82,1149.92,20.47,459.85,511.25,7.26,0.00,70,1018.69,965.18,20.36,254,253,2.09,2.92
2025-07-31 13:15,1.14,827.45,300.25,162.89,187.08,1155.89,20.66,463.13,512.86,7.28,0.00,69,1018.63,965.13,20.55,254,252,2.08,2.93
2025-07-31 13:30,1.14,829.40,305.85,158.87,182.10,1158.21,20.86,464.71,513.57,7.29,0.00,69,1018.56,965.08,20.74,253,252,2.08,2.92
2025-07-31 13:45,1.14,828.30,310.45,154.13,176.88,1156.87,21.05,464.58,499.90,7.30,0.00,68,1018.50,965.04,20.93,253,252,2.08,2.91
2025-07-31 14:00,1.14,824.14,314.00,148.74,171.42,1151.87,21.24,462.73,498.39,7.30,0.00,67,1018.43,964.96,21.12,253,252,2.08,2.90
2025-07-31 14:15,1.14,816.95,310.06,163.45,189.81,1143.24,21.40,473.52,527.43,7.28,0.00,66,1018.32,964.85,21.29,254,253,2.07,2.87
2025-07-31 14:30,1.14,806.76,305.28,176.98,207.74,1131.02,21.56,482.26,541.68,7.25,0.00,65,1018.21,964.72,21.46,255,254,2.07,2.83
2025-07-31 14:45,1.14,793.62,299.63,189.18,225.20,1115.25,21.72,488.81,554.85,7.22,0.00,65,1018.10,964.58,21.63,256,256,2.06,2.78
2025-07-31 15:00,1.14,777.60,293.12,199.95,242.20,1096.00,21.88,493.07,566.88,7.22,0.00,64,1018.00,964.45,21.80,257,258,2.06,2.72
2025-07-31 15:15,1.14,758.77,285.40,208.93,258.42,1073.36,22.02,494.33,577.01,7.26,0.00,63,1017.89,964.34,21.92,259,260,2.03,2.67
2025-07-31 15:30,1.14,737.24,276.85,216.27,274.11,1047.42,22.15,493.12,585.90,7.32,0.00,63,1017.78,964.23,22.03,261,263,2.00,2.61
2025-07-31 15:45,1.14,713.09,267.51,221.88,289.27,1018.29,22.28,489.39,593.48,7.37,0.00,62,1017.67,964.13,22.15,262,265,1.97,2.55
2025-07-31 16:00,1.14,686.47,257.38,225.70,303.86,986.10,22.42,483.07,599.68,7.40,0.00,62,1017.56,964.04,22.27,264,267,1.94,2.50
2025-07-31 16:15,1.14,657.49,246.24,227.43,317.51,950.98,22.45,473.68,603.84,7.40,0.00,62,1017.46,963.96,22.28,265,269,1.92,2.44
2025-07-31 16:30,1.14,626.31,234.43,227.29,330.47,913.09,22.48,461.72,606.51,7.38,0.00,62,1017.35,963.89,22.30,266,270,1.90,2.39
2025-07-31 16:45,1.14,593.10,221.95,225.23,342.68,872.59,22.52,447.18,607.61,7.33,0.00,62,1017.24,963.82,22.32,266,270,1.87,2.33
2025-07-31 17:00,1.14,558.02,208.86,221.24,354.03,829.64,22.55,430.10,632.02,7.25,0.00,62,1017.13,963.74,22.33,266,270,1.85,2.27
2025-07-31 17:15,1.14,521.26,196.08,208.38,352.66,784.44,22.48,404.45,619.45,7.13,0.00,62,1017.14,963.63,22.24,265,269,1.81,2.20
2025-07-31 17:30,1.14,483.03,182.61,194.69,350.64,737.17,22.41,377.30,605.17,6.98,0.00,62,1017.14,963.51,22.15,263,266,1.78,2.14
2025-07-31 17:45,1.14,443.55,168.53,180.26,347.83,688.04,22.34,348.79,589.09,6.84,0.00,62,1017.15,963.41,22.06,261,262,1.75,2.12
2025-07-31 18:00,1.14,403.05,153.91,165.16,344.07,637.27,22.27,319.06,571.11,6.69,0.00,63,1017.16,963.34,21.97,257,257,1.71,2.11
2025-07-31 18:15,1.14,361.79,138.96,149.59,339.47,585.05,22.10,288.55,551.53,6.53,0.00,63,1017.16,963.33,21.78,253,252,1.68,2.11
2025-07-31 18:30,1.14,320.04,123.64,133.54,333.48,531.63,21.93,257.18,529.73,6.37,0.00,64,1017.17,963.36,21.59,249,246,1.65,2.11
2025-07-31 18:45,1.14,278.10,108.08,117.11,325.79,477.23,21.76,225.19,505.49,6.18,0.00,65,1017.18,963.41,21.40,244,240,1.62,2.13
2025-07-31 19:00,1.14,236.34,92.41,100.45,315.97,422.07,21.58,192.86,478.46,5.97,0.00,66,1017.18,963.46,21.21,239,234,1.58,2.16
2025-07-31 19:15,1.14,195.15,76.69,83.62,302.99,366.41,21.37,160.31,447.53,5.75,0.00,66,1017.19,963.52,20.98,234,228,1.56,2.22
2025-07-31 19:30,1.14,155.04,61.25,67.00,286.50,310.47,21.15,128.24,412.64,5.52,0.00,67,1017.20,963.61,20.75,229,223,1.54,2.29
2025-07-31 19:45,1.14,116.64,46.35,50.86,265.35,254.49,20.93,97.22,372.69,5.30,0.00,68,1017.20,963.67,20.52,225,219,1.52,2.35
2025-07-31 20:00,1.14,80.84,32.35,35.61,237.94,198.72,20.72,67.97,339.80,5.10,0.00,69,1017.21,963.67,20.29,221,216,1.49,2.40
2025-07-31 20:15,1.14,48.97,22.33,20.72,191.82,143.39,20.50,43.05,281.78,4.94,0.00,70,1017.26,963.58,20.07,217,214,1.48,2.44
2025-07-31 20:30,1.15,23.13,11.95,9.40,107.85,88.74,20.27,21.35,168.02,4.78,0.00,71,1017.30,963.41,19.85,213,212,1.47,2.48
2025-07-31 20:45,1.15,6.23,3.68,2.46,28.27,35.00,20.05,6.14,43.17,4.62,0.00,72,1017.35,963.23,19.63,210,211,1.46,2.51
2025-07-31 21:00,1.15,0.00,0.00,0.00,0.00,0.00,19.83,0.00,0.00,4.49,0.00,73,1017.39,963.09,19.41,207,209,1.45,2.52
2025-07-31 21:15,1.15,0.00,0.00,0.00,0.00,0.00,19.62,0.00,0.00,4.41,0.00,73,1017.44,962.99,19.22,206,208,1.48,2.56
2025-07-31 21:30,1.15,0.00,0.00,0.00,0.00,0.00,19.40,0.00,0.00,4.34,0.00,74,1017.48,962.92,19.03,205,208,1.50,2.58
2025-07-31 21:45,1.15,0.00,0.00,0.00,0.00,0.00,19.19,0.00,0.00,4.29,0.01,75,1017.53,962.86,18.84,205,207,1.52,2.60
2025-07-31 22:00,1.15,0.00,0.00,0.00,0.00,0.00,18.98,0.00,0.00,4.27,0.01,76,1017.58,962.80,18.65,204,206,1.54,2.62
2025-07-31 22:15,1.15,0.00,0.00,0.00,0.00,0.00,18.80,0.00,0.00,4.29,0.01,76,1017.62,962.74,18.50,204,206,1.57,2.65
2025-07-31 22:30,1.15,0.00,0.00,0.00,0.00,0.00,18.62,0.00,0.00,4.33,0.01,77,1017.67,962.69,18.35,203,206,1.60,2.67
2025-07-31 22:45,1.15,0.00,0.00,0.00,0.00,0.00,18.43,0.00,0.00,4.39,0.01,78,1017.71,962.65,18.19,202,205,1.64,2.69
2025-07-31 23:00,1.15,0.00,0.00,0.00,0.00,0.00,18.25,0.00,0.00,4.45,0.01,78,1017.76,962.61,18.04,202,205,1.67,2.71
2025-07-31 23:15,1.15,0.00,0.00,0.00,0.00,0.00,18.11,0.00,0.00,4.48,0.01,79,1017.72,962.58,17.90,202,205,1.67,2.66
2025-07-31 23:30,1.15,0.00,0.00,0.00,0.00,0.00,17.97,0.00,0.00,4.54,0.01,80,1017.68,962.57,17.77,202,204,1.66,2.61
2025-07-31 23:45,1.15,0.00,0.00,0.00,0.00,0.00,17.84,0.00,0.00,4.59,0.01,80,1017.64,962.56,17.63,202,204,1.66,2.54
2025-08-01 00:00,1.15,0.00,0.00,0.00,0.00,0.00,17.70,0.00,0.00,4.61,0.00,81,1017.60,962.52,17.49,203,204,1.65,2.47
2025-08-01 00:15,1.15,0.00,0.00,0.00,0.00,0.00,17.55,0.00,0.00,4.56,0.00,82,1017.56,962.44,17.34,203,204,1.65,2.39
2025-08-01 00:30,1.15,0.00,0.00,0.00,0.00,0.00,17.40,0.00,0.00,4.47,0.00,82,1017.52,962.34,17.20,205,205,1.64,2.31
2025-08-01 00:45,1.16,0.00,0.00,0.00,0.00,0.00,17.25,0.00,0.00,4.37,0.00,83,1017.48,962.23,17.05,206,205,1.63,2.24
2025-08-01 01:00,1.16,0.00,0.00,0.00,0.00,0.00,17.10,0.00,0.00,4.31,0.00,84,1017.44,962.13,16.91,207,205,1.63,2.17
2025-08-01 01:15,1.16,0.00,0.00,0.00,0.00,0.00,16.95,0.00,0.00,4.30,0.00,84,1017.40,962.02,16.76,208,205,1.62,2.11
2025-08-01 01:30,1.16,0.00,0.00,0.00,0.00,0.00,16.80,0.00,0.00,4.31,0.00,85,1017.36,961.92,16.61,209,206,1.61,2.06
2025-08-01 01:45,1.16,0.00,0.00,0.00,0.00,0.00,16.65,0.00,0.00,4.34,0.00,86,1017.32,961.82,16.45,210,206,1.60,2.03
2025-08-01 02:00,1.16,0.00,0.00,0.00,0.00,0.00,16.50,0.00,0.00,4.37,0.00,86,1017.28,961.73,16.30,212,207,1.59,2.00
2025-08-01 02:15,1.16,0.00,0.00,0.00,0.00,0.00,16.34,0.00,0.00,4.48,0.00,87,1017.20,961.67,16.16,214,243,1.60,4.09
2025-08-01 02:30,1.16,0.00,0.00,0.00,0.00,0.00,16.18,0.00,0.00,4.62,0.00,88,1017.11,961.61,16.02,217,246,1.62,4.09
2025-08-01 02:45,1.16,0.00,0.00,0.00,0.00,0.00,16.02,0.00,0.00,4.73,0.00,88,1017.03,961.57,15.88,219,248,1.64,4.08
2025-08-01 03:00,1.16,0.00,0.00,0.00,0.00,0.00,15.86,0.00,0.00,4.77,0.00,89,1016.94,961.54,15.74,222,250,1.65,4.07
2025-08-01 03:15,1.16,0.00,0.00,0.00,0.00,0.00,15.80,0.00,0.00,4.66,0.00,89,1016.85,961.53,15.67,224,252,1.64,4.02
2025-08-01 03:30,1.16,0.00,0.00,0.00,0.00,0.00,15.73,0.00,0.00,4.47,0.00,90,1016.77,961.54,15.60,226,253,1.63,3.97
2025-08-01 03:45,1.16,0.00,0.00,0.00,0.00,0.00,15.66,0.00,0.00,4.30,0.00,90,1016.68,961.55,15.53,228,255,1.62,3.91
2025-08-01 04:00,1.16,0.00,0.00,0.00,0.00,0.00,15.59,0.00,0.00,4.26,0.00,90,1016.60,961.55,15.46,229,255,1.61,3.84
2025-08-01 04:15,1.16,0.00,0.00,0.00,0.00,0.00,15.61,0.00,0.00,4.43,0.00,90,1016.52,961.54,15.47,230,255,1.60,3.76
2025-08-01 04:30,1.16,0.00,0.00,0.00,0.00,0.00,15.63,0.00,0.00,4.74,0.00,90,1016.43,961.54,15.47,231,255,1.58,3.66
2025-08-01 04:45,1.16,0.00,0.00,0.00,0.00,0.00,15.65,0.00,0.00,5.05,0.00,90,1016.34,961.52,15.48,231,254,1.56,3.57
2025-08-01 05:00,1.16,0.00,0.00,0.00,0.00,0.00,15.67,0.00,0.00,5.21,0.00,90,1016.26,961.45,15.49,231,254,1.55,3.50
2025-08-01 05:15,1.16,0.00,0.00,0.00,0.00,0.00,15.78,0.00,0.00,5.13,0.00,90,1016.25,961.30,15.58,232,253,1.53,3.46
2025-08-01 05:30,1.16,0.00,0.00,0.00,0.00,0.00,15.89,0.00,0.00,4.91,0.00,89,1016.25,961.09,15.67,232,251,1.51,3.45
2025-08-01 05:45,1.16,0.00,0.00,0.00,0.00,0.00,16.00,0.00,0.00,4.65,0.00,89,1016.24,960.88,15.76,232,250,1.49,3.44
2025-08-01 06:00,1.16,0.00,0.00,0.00,0.00,0.00,16.11,0.00,0.00,4.47,0.00,89,1016.24,960.74,15.85,231,248,1.47,3.44
2025-08-01 06:15,1.16,2.92,1.96,0.16,1.88,18.53,16.26,2.13,2.96,4.43,0.00,88,1016.23,960.68,15.99,231,247,1.47,3.46
2025-08-01 06:30,1.16,16.77,11.88,0.95,10.94,71.92,16.41,12.83,17.77,4.47,0.00,87,1016.22,960.66,16.13,231,245,1.47,3.48
2025-08-01 06:45,1.16,40.11,28.16,2.17,22.81,126.29,16.56,30.33,52.52,4.50,0.00,87,1016.22,960.68,16.27,232,244,1.48,3.49
2025-08-01 07:00,1.16,70.34,48.59,3.58,26.19,181.41,16.71,52.16,84.96,4.47,0.00,86,1016.21,960.73,16.41,232,243,1.48,3.47
2025-08-01 07:15,1.16,105.05,70.27,4.93,27.61,237.04,16.91,75.20,113.46,4.33,0.00,85,1016.21,960.82,16.59,234,243,1.48,3.40
2025-08-01 07:30,1.15,142.71,92.19,6.13,27.79,292.94,17.11,98.32,137.95,4.12,0.00,85,1016.20,960.95,16.77,235,243,1.48,3.29
2025-08-01 07:45,1.15,182.32,113.46,7.12,27.09,348.88,17.31,120.58,158.50,3.92,0.00,84,1016.20,961.07,16.96,237,243,1.49,3.17
2025-08-01 08:00,1.15,223.18,133.49,7.85,25.77,404.62,17.51,141.35,151.67,3.81,0.00,83,1016.19,961.12,17.14,240,244,1.49,3.07
2025-08-01 08:15,1.15,264.76,151.34,17.92,51.72,459.91,17.69,169.25,216.72,3.90,0.00,83,1016.14,961.05,17.34,242,245,1.54,3.09
2025-08-01 08:30,1.15,306.62,167.29,30.50,78.70,514.52,17.87,197.79,256.79,4.30,0.00,82,1016.09,960.91,17.54,244,246,1.58,3.35
2025-08-01 08:45,1.15,348.40,181.24,45.50,106.33,568.22,18.05,226.75,318.74,4.77,0.00,81,1016.04,960.75,17.74,245,246,1.63,3.64
2025-08-01 09:00,1.15,389.79,193.09,62.80,134.32,620.77,18.24,255.88,356.27,5.25,0.00,80,1015.99,960.60,17.94,246,247,1.67,3.92
2025-08-01 09:15,1.15,430.49,202.11,81.96,161.96,671.96,18.43,284.07,390.54,5.73,0.00,79,1015.94,960.46,18.16,247,248,1.75,4.19
2025-08-01 09:30,1.15,470.24,208.95,102.93,189.43,721.55,18.61,311.88,422.68,6.22,0.00,78,1015.89,960.33,18.38,248,249,1.82,4.45
2025-08-01 09:45,1.15,508.82,213.64,125.52,216.65,769.34,18.80,339.16,476.70,6.69,0.00,78,1015.85,960.19,18.61,249,250,1.90,4.70
2025-08-01 10:00,1.15,545.98,216.24,149.51,243.55,815.12,18.99,365.75,503.79,7.14,0.00,77,1015.80,960.08,18.83,250,251,1.97,4.90
2025-08-01 10:15,1.14,581.53,220.24,177.38,274.30,858.70,19.18,397.63,536.73,7.53,0.00,76,1015.75,959.97,19.07,251,252,2.06,5.05
2025-08-01 10:30,1.14,615.27,222.26,206.96,305.39,899.89,19.36,429.22,567.89,7.87,0.00,75,1015.70,959.88,19.30,252,253,2.15,5.13
2025-08-01 10:45,1.14,647.03,222.31,238.02,336.77,938.51,19.55,460.33,620.37,8.16,0.00,74,1015.65,959.80,19.53,253,254,2.23,5.18
2025-08-01 11:00,1.14,676.63,220.45,270.31,368.37,974.41,19.74,490.76,647.07,8.40,0.00,73,1015.60,959.76,19.76,254,255,2.32,5.22
2025-08-01 11:15,1.14,703.92,229.41,276.24,364.11,1007.41,19.91,505.64,649.28,8.62,0.00,72,1015.51,959.78,19.98,256,257,2.38,5.25
2025-08-01 11:30,1.14,728.76,237.57,280.83,359.47,1037.38,20.09,518.40,650.24,8.82,0.00,71,1015.42,959.83,20.19,258,259,2.45,5.27
2025-08-01 11:45,1.14,751.04,244.90,284.09,354.48,1064.20,20.27,528.99,650.04,9.00,0.00,70,1015.32,959.90,20.41,261,261,2.51,5.29
2025-08-01 12:00,1.14,770.63,251.35,286.03,349.18,1087.75,20.44,537.38,648.74,9.13,0.01,70,1015.23,959.95,20.62,263,263,2.57,5.30
2025-08-01 12:15,1.14,787.44,257.17,286.97,343.95,1107.92,20.55,544.14,647.08,9.22,0.01,69,1015.14,959.96,20.77,267,266,2.62,5.31
2025-08-01 12:30,1.14,801.38,262.07,286.65,338.46,1124.64,20.66,548.72,644.49,9.28,0.01,68,1015.05,959.97,20.93,270,269,2.68,5.33
2025-08-01 12:45,1.14,812.39,266.02,285.11,332.74,1137.82,20.76,551.13,641.05,9.31,0.01,67,1014.96,959.96,21.08,273,272,2.73,5.35
2025-08-01 13:00,1.14,820.41,269.02,282.37,326.79,1147.41,20.87,551.39,636.82,9.33,0.02,67,1014.87,959.94,21.23,276,275,2.79,5.38
2025-08-01 13:15,1.14,825.39,270.19,277.63,319.65,1153.38,20.89,547.82,629.95,9.35,0.02,66,1014.78,959.88,21.28,279,277,2.82,5.41
2025-08-01 13:30,1.14,827.32,270.35,271.82,312.33,1155.68,20.91,542.17,622.38,9.37,0.02,66,1014.68,959.81,21.32,281,280,2.84,5.44
2025-08-01 13:45,1.14,826.19,269.49,265.01,304.86,1154.33,20.94,534.50,614.12,9.37,0.03,66,1014.59,959.74,21.37,283,282,2.87,5.47
2025-08-01 14:00,1.13,822.00,267.63,257.27,297.25,1149.31,20.96,524.90,605.18,9.35,0.03,66,1014.50,959.73,21.42,285,283,2.90,5.50
2025-08-01 14:15,1.14,814.77,264.59,261.03,303.89,1140.65,20.87,525.62,609.92,9.28,0.04,66,1014.47,959.80,21.37,286,284,2.94,5.52
2025-08-01 14:30,1.14,804.54,260.60,263.70,310.33,1128.39,20.77,524.30,613.91,9.18,0.05,66,1014.44,959.92,21.32,287,285,2.99,5.54
2025-08-01 14:45,1.14,791.35,255.69,265.22,316.56,1112.58,20.68,520.91,617.10,9.08,0.06,66,1014.40,960.04,21.27,288,286,3.03,5.54
2025-08-01 15:00,1.14,775.28,249.88,265.55,322.55,1093.29,20.58,515.43,619.42,9.01,0.07,66,1014.37,960.14,21.22,288,286,3.08,5.50
2025-08-01 15:15,1.14,756.40,243.77,265.28,329.05,1070.59,20.45,509.05,622.21,9.02,0.08,66,1014.34,960.19,21.10,288,286,3.09,5.41
2025-08-01 15:30,1.14,734.80,236.79,263.74,335.28,1044.60,20.31,500.53,623.97,9.06,0.09,67,1014.31,960.24,20.98,288,285,3.10,5.28
2025-08-01 15:45,1.14,710.60,228.96,260.89,341.20,1015.41,20.18,489.86,624.61,9.09,0.10,67,1014.27,960.25,20.85,288,284,3.10,5.14
2025-08-01 16:00,1.14,683.91,220.34,256.73,346.77,983.15,20.04,477.07,624.06,9.05,0.10,68,1014.24,960.25,20.73,288,283,3.11,5.02
2025-08-01 16:15,1.14,654.87,211.21,251.53,352.35,947.96,19.91,462.74,622.95,8.90,0.11,68,1014.21,960.20,20.59,287,282,3.09,4.93
2025-08-01 16:30,1.14,623.63,201.34,244.97,357.49,910.00,19.78,446.31,620.47,8.69,0.12,69,1014.18,960.12,20.44,286,280,3.07,4.86
2025-08-01 16:45,1.14,590.36,190.79,237.06,362.10,869.41,19.65,427.85,616.55,8.46,0.12,69,1014.14,960.03,20.30,285,279,3.06,4.80
2025-08-01 17:00,1.14,555.22,179.61,227.83,366.11,826.39,19.51,407.43,611.11,8.25,0.12,70,1014.11,959.95,20.16,284,278,3.04,4.73
2025-08-01 17:15,1.14,518.41,175.03,199.22,338.71,781.10,19.41,374.26,581.10,8.08,0.12,71,1014.16,959.88,20.02,282,276,2.99,4.65
2025-08-01 17:30,1.14,480.13,169.21,171.70,310.76,733.74,19.30,340.91,521.88,7.90,0.11,71,1014.20,959.81,19.88,280,275,2.94,4.56
2025-08-01 17:45,1.14,440.60,162.12,145.50,282.27,684.53,19.20,307.63,487.32,7.69,0.10,72,1014.25,959.76,19.73,277,273,2.88,4.48
2025-08-01 18:00,1.14,400.06,153.74,120.85,253.26,633.66,19.09,274.59,450.78,7.44,0.09,72,1014.29,959.76,19.59,274,271,2.83,4.40
2025-08-01 18:15,1.14,358.76,144.05,97.95,223.75,581.35,19.02,242.00,412.28,7.13,0.07,73,1014.34,959.85,19.46,271,269,2.75,4.36
2025-08-01 18:30,1.14,316.99,133.07,77.03,193.81,527.84,18.94,210.10,371.91,6.79,0.06,73,1014.39,959.99,19.33,267,267,2.66,4.33
2025-08-01 18:45,1.14,275.04,120.81,58.28,163.52,473.34,18.87,179.09,305.82,6.46,0.04,74,1014.43,960.15,19.20,264,265,2.58,4.30
2025-08-01 19:00,1.14,233.28,107.31,41.89,133.06,418.09,18.79,149.20,262.44,6.14,0.03,75,1014.48,960.28,19.07,260,263,2.49,4.27
2025-08-01 19:15,1.15,192.11,92.61,28.00,102.61,362.33,18.74,120.60,217.58,5.86,0.03,75,1014.52,960.36,18.95,256,261,2.39,4.22
2025-08-01 19:30,1.15,152.05,76.92,16.77,72.73,306.29,18.68,93.69,171.80,5.61,0.03,76,1014.57,960.43,18.83,253,260,2.28,4.16
2025-08-01 19:45,1.15,113.75,60.51,8.31,44.12,250.22,18.63,68.82,106.54,5.40,0.03,76,1014.61,960.48,18.71,250,258,2.17,4.10
2025-08-01 20:00,1.15,78.14,43.83,2.63,17.97,194.36,18.58,46.46,62.20,5.25,0.05,77,1014.66,960.49,18.59,247,258,2.06,4.05
2025-08-01 20:15,1.15,46.59,28.18,1.47,14.01,138.94,18.52,29.64,40.13,5.15,0.08,77,1014.77,960.44,18.47,245,257,1.97,4.00
2025-08-01 20:30,1.15,21.32,13.93,0.62,7.17,84.20,18.46,14.55,15.19,5.10,0.12,77,1014.87,960.35,18.36,244,257,1.88,3.95
2025-08-01 20:45,1.15,5.22,3.76,0.14,1.66,30.37,18.40,3.90,3.74,5.09,0.17,78,1014.97,960.25,18.25,242,257,1.79,3.91
2025-08-01 21:00,1.15,0.00,0.00,0.00,0.00,0.00,18.34,0.00,0.00,5.12,0.22,78,1015.08,960.19,18.14,242,258,1.70,3.87
2025-08-01 21:15,1.15,0.00,0.00,0.00,0.00,0.00,18.25,0.00,0.00,5.19,0.28,78,1015.18,960.18,18.04,241,260,1.66,3.85
2025-08-01 21:30,1.15,0.00,0.00,0.00,0.00,0.00,18.17,0.00,0.00,5.29,0.34,79,1015.29,960.20,17.94,242,262,1.62,3.86
2025-08-01 21:45,1.15,0.00,0.00,0.00,0.00,0.00,18.09,0.00,0.00,5.47,0.41,79,1015.40,960.24,17.84,242,264,1.58,3.94
2025-08-01 22:00,1.15,0.00,0.00,0.00,0.00,0.00,18.01,0.00,0.00,5.66,0.47,79,1015.50,960.30,17.74,244,266,1.54,4.02
2025-08-01 22:15,1.15,0.00,0.00,0.00,0.00,0.00,17.91,0.00,0.00,5.85,0.52,80,1015.61,960.40,17.66,246,268,1.53,4.10
2025-08-01 22:30,1.15,0.00,0.00,0.00,0.00,0.00,17.82,0.00,0.00,5.98,0.57,80,1015.71,960.52,17.58,249,270,1.53,4.15
2025-08-01 22:45,1.15,0.00,0.00,0.00,0.00,0.00,17.73,0.00,0.00,6.07,0.60,80,1015.81,960.67,17.49,251,271,1.53,4.16
2025-08-01 23:00,1.15,0.00,0.00,0.00,0.00,0.00,17.64,0.00,0.00,6.13,0.62,80,1015.92,960.81,17.41,253,272,1.53,4.17
2025-08-01 23:15,1.15,0.00,0.00,0.00,0.00,0.00,17.56,0.00,0.00,6.18,0.64,81,1015.95,960.98,17.35,253,272,1.53,4.18
2025-08-01 23:30,1.15,0.00,0.00,0.00,0.00,0.00,17.49,0.00,0.00,6.21,0.64,81,1015.98,961.16,17.28,253,271,1.54,4.17
2025-08-01 23:45,1.15,0.00,0.00,0.00,0.00,0.00,17.41,0.00,0.00,6.22,0.63,81,1016.01,961.33,17.21,253,270,1.54,4.16
2025-08-02 00:00,1.15,0.00,0.00,0.00,0.00,0.00,17.33,0.00,0.00,6.21,0.61,81,1016.04,961.42,17.15,253,270,1.54,4.14
