PV,Wind OFFSH,Wind ONSH,Month,Holiday,Season_Autumn,Season_Spring,Season_Summer,Season_Winter,Monday,Tuesday,Wednesday,Thursday,Friday,Saturday,Sunday,
0.00,2878.06,5437.69,7,0,False,False,True,False,False,False,False,False,False,False,True,0.00
0.00,2840.90,5333.08,7,0,False,False,True,False,False,False,False,False,False,False,True,0.00
0.00,2798.74,5228.81,7,0,False,False,True,False,False,False,False,False,False,False,True,0.00
0.00,2752.50,5139.15,7,0,False,False,True,False,False,False,False,False,False,False,True,0.00
0.00,2691.82,5043.84,7,0,False,False,True,False,False,False,False,False,False,False,True,0.00
0.00,2638.89,4939.44,7,0,False,False,True,False,False,False,False,False,False,False,True,0.00
0.00,2577.96,4850.29,7,0,False,False,True,False,False,False,False,False,False,False,True,0.00
0.00,2521.52,4794.12,7,0,False,False,True,False,False,False,False,False,False,False,True,0.00
0.00,2433.63,4774.33,7,0,False,False,True,False,False,False,False,False,False,False,True,0.00
0.00,2329.89,4764.04,7,0,False,False,True,False,False,False,False,False,False,False,True,0.00
0.00,2216.14,4722.42,7,0,False,False,True,False,False,False,False,False,False,False,True,0.00
0.00,2092.70,4667.63,7,0,False,False,True,False,False,False,False,False,False,False,True,0.00
0.00,1969.81,4593.88,7,0,False,False,True,False,False,False,False,False,False,False,True,0.00
0.00,1868.74,4523.39,7,0,False,False,True,False,False,False,False,False,False,False,True,0.00
0.00,1767.66,4454.43,7,0,False,False,True,False,False,False,False,False,False,False,True,0.00
0.00,1665.30,4380.81,7,0,False,False,True,False,False,False,False,False,False,False,True,0.00
0.00,1570.42,4307.15,7,0,False,False,True,False,False,False,False,False,False,False,True,0.00
0.00,1499.43,4254.05,7,0,False,False,True,False,False,False,False,False,False,False,True,0.00
0.00,1424.45,4204.40,7,0,False,False,True,False,False,False,False,False,False,False,True,0.00
0.08,1346.91,4150.15,7,0,False,False,True,False,False,False,False,False,False,False,True,11.39
32.97,1292.14,4091.46,7,0,False,False,True,False,False,False,False,False,False,False,True,58.93
94.04,1259.04,4037.09,7,0,False,False,True,False,False,False,False,False,False,False,True,221.15
310.45,1221.93,3981.69,7,0,False,False,True,False,False,False,False,False,False,False,True,505.33
711.47,1184.88,3922.25,7,0,False,False,True,False,False,False,False,False,False,False,True,959.49
1263.89,1156.97,3879.03,7,0,False,False,True,False,False,False,False,False,False,False,True,1586.91
1949.70,1136.65,3781.54,7,0,False,False,True,False,False,False,False,False,False,False,True,2399.87
2798.74,1115.32,3680.86,7,0,False,False,True,False,False,False,False,False,False,False,True,3355.65
3860.36,1101.66,3586.81,7,0,False,False,True,False,False,False,False,False,False,False,True,4476.56
5118.49,1091.09,3480.53,7,0,False,False,True,False,False,False,False,False,False,False,True,5708.35
6580.38,1097.53,3383.08,7,0,False,False,True,False,False,False,False,False,False,False,True,7026.50
8184.18,1103.94,3294.99,7,0,False,False,True,False,False,False,False,False,False,False,True,8314.36
9907.21,1109.16,3209.56,7,0,False,False,True,False,False,False,False,False,False,False,True,9646.18
11722.38,1120.12,3101.98,7,0,False,False,True,False,False,False,False,False,False,False,True,10937.19
13596.36,1152.79,3023.13,7,0,False,False,True,False,False,False,False,False,False,False,True,12252.31
15454.75,1182.47,2963.28,7,0,False,False,True,False,False,False,False,False,False,False,True,13565.72
17293.98,1212.18,2917.98,7,0,False,False,True,False,False,False,False,False,False,False,True,14917.48
19092.53,1246.29,2899.78,7,0,False,False,True,False,False,False,False,False,False,False,True,16277.93
20870.18,1273.25,2883.85,7,0,False,False,True,False,False,False,False,False,False,False,True,17599.37
22575.00,1290.22,2867.39,7,0,False,False,True,False,False,False,False,False,False,False,True,18871.32
24193.48,1315.27,2859.89,7,0,False,False,True,False,False,False,False,False,False,False,True,20169.21
25733.58,1336.92,2860.20,7,0,False,False,True,False,False,False,False,False,False,False,True,21483.06
27194.05,1353.89,2879.49,7,0,False,False,True,False,False,False,False,False,False,False,True,22719.70
28490.07,1368.84,2893.92,7,0,False,False,True,False,False,False,False,False,False,False,True,23883.18
29675.13,1376.00,2917.71,7,0,False,False,True,False,False,False,False,False,False,False,True,25014.92
30695.18,1380.02,2960.55,7,0,False,False,True,False,False,False,False,False,False,False,True,26022.73
31678.43,1366.59,3013.72,7,0,False,False,True,False,False,False,False,False,False,False,True,27391.07
32541.94,1347.15,3066.24,7,0,False,False,True,False,False,False,False,False,False,False,True,28778.18
33229.13,1330.03,3122.21,7,0,False,False,True,False,False,False,False,False,False,False,True,30051.11
33884.06,1308.38,3169.00,7,0,False,False,True,False,False,False,False,False,False,False,True,31185.19
34443.42,1300.89,3211.60,7,0,False,False,True,False,False,False,False,False,False,False,True,32203.06
34862.25,1291.40,3252.17,7,0,False,False,True,False,False,False,False,False,False,False,True,33226.54
35207.55,1270.78,3297.12,7,0,False,False,True,False,False,False,False,False,False,False,True,34115.37
35450.75,1259.68,3347.20,7,0,False,False,True,False,False,False,False,False,False,False,True,34915.63
35593.77,1253.46,3393.59,7,0,False,False,True,False,False,False,False,False,False,False,True,35707.36
35666.22,1244.23,3434.75,7,0,False,False,True,False,False,False,False,False,False,False,True,36355.20
35678.13,1226.33,3471.38,7,0,False,False,True,False,False,False,False,False,False,False,True,36790.20
35599.23,1218.36,3507.66,7,0,False,False,True,False,False,False,False,False,False,False,True,37171.86
35423.07,1214.23,3530.70,7,0,False,False,True,False,False,False,False,False,False,False,True,37560.84
35122.22,1213.11,3556.20,7,0,False,False,True,False,False,False,False,False,False,False,True,37774.30
34700.56,1209.43,3576.32,7,0,False,False,True,False,False,False,False,False,False,False,True,37881.51
34191.41,1211.00,3592.10,7,0,False,False,True,False,False,False,False,False,False,False,True,37951.75
33558.13,1211.03,3612.09,7,0,False,False,True,False,False,False,False,False,False,False,True,37961.02
32805.90,1218.05,3632.22,7,0,False,False,True,False,False,False,False,False,False,False,True,37703.72
31909.79,1225.28,3648.53,7,0,False,False,True,False,False,False,False,False,False,False,True,37064.82
30822.34,1230.57,3645.72,7,0,False,False,True,False,False,False,False,False,False,False,True,36253.77
29643.32,1248.58,3621.09,7,0,False,False,True,False,False,False,False,False,False,False,True,35244.99
28340.42,1268.61,3593.94,7,0,False,False,True,False,False,False,False,False,False,False,True,33986.94
26885.15,1279.45,3561.72,7,0,False,False,True,False,False,False,False,False,False,False,True,32576.35
25340.44,1292.32,3514.72,7,0,False,False,True,False,False,False,False,False,False,False,True,31381.84
23698.99,1324.78,3466.26,7,0,False,False,True,False,False,False,False,False,False,False,True,29661.54
21960.94,1335.37,3425.89,7,0,False,False,True,False,False,False,False,False,False,False,True,27798.97
20057.97,1331.47,3367.32,7,0,False,False,True,False,False,False,False,False,False,False,True,25766.12
18007.83,1341.19,3298.63,7,0,False,False,True,False,False,False,False,False,False,False,True,23552.44
15863.00,1341.93,3221.32,7,0,False,False,True,False,False,False,False,False,False,False,True,21133.00
13694.65,1348.63,3145.70,7,0,False,False,True,False,False,False,False,False,False,False,True,18581.84
11592.23,1352.08,3070.15,7,0,False,False,True,False,False,False,False,False,False,False,True,16025.96
9580.06,1350.46,2972.82,7,0,False,False,True,False,False,False,False,False,False,False,True,13484.42
7704.90,1350.31,2813.91,7,0,False,False,True,False,False,False,False,False,False,False,True,10965.34
6072.51,1344.17,2654.96,7,0,False,False,True,False,False,False,False,False,False,False,True,8590.87
4752.34,1338.65,2512.20,7,0,False,False,True,False,False,False,False,False,False,False,True,6535.36
3666.56,1329.22,2388.89,7,0,False,False,True,False,False,False,False,False,False,False,True,4804.15
2686.36,1324.90,2302.04,7,0,False,False,True,False,False,False,False,False,False,False,True,3288.72
1826.65,1321.59,2227.06,7,0,False,False,True,False,False,False,False,False,False,False,True,2032.07
1078.84,1307.30,2168.19,7,0,False,False,True,False,False,False,False,False,False,False,True,1034.45
507.74,1289.69,2136.25,7,0,False,False,True,False,False,False,False,False,False,False,True,415.89
179.47,1271.67,2110.06,7,0,False,False,True,False,False,False,False,False,False,False,True,141.86
52.82,1253.67,2074.69,7,0,False,False,True,False,False,False,False,False,False,False,True,50.60
17.97,1229.50,2033.84,7,0,False,False,True,False,False,False,False,False,False,False,True,0.00
0.00,1199.64,1984.86,7,0,False,False,True,False,False,False,False,False,False,False,True,0.00
0.00,1176.03,1963.69,7,0,False,False,True,False,False,False,False,False,False,False,True,0.00
0.00,1150.43,1944.11,7,0,False,False,True,False,False,False,False,False,False,False,True,0.00
0.00,1122.93,1923.70,7,0,False,False,True,False,False,False,False,False,False,False,True,0.00
0.00,1102.45,1901.22,7,0,False,False,True,False,False,False,False,False,False,False,True,0.00
0.00,1061.13,1860.05,7,0,False,False,True,False,False,False,False,False,False,False,True,0.00
0.00,1027.85,1814.81,7,0,False,False,True,False,False,False,False,False,False,False,True,0.00
0.00,990.57,1774.60,7,0,False,False,True,False,False,False,False,False,False,False,True,0.00